task_id,node_name,automation_share,automation_pct,augmentation_pct,pct,ai_autonomy_mean,human_only_time_mean,human_with_ai_time_mean
1,Resolve customer complaints regarding sales and service.,58.68,58.68,41.32,0.0,2.37,2.39,49.05
10009,"List parts needed, estimate costs, and plan work procedures, using parts lists, technical manuals, or diagrams.",41.67,41.67,58.33,0.0,3.12,6.98,33.04
10027,Explain assembly procedures or techniques to other workers.,70.59,70.59,29.41,0.0,2.59,5.69,67.44
10033,"Instruct customers in the installation, repair, or maintenance of products.",55.14,56.41,45.89,0.05,2.36,1.22,35.37
1006,Provide terminated employees with outplacement or relocation assistance.,44.76,44.76,55.24,0.01,2.65,7.32,118.97
1009,"Evaluate instructor performance and the effectiveness of training programs, providing recommendations for improvement.",24.94,24.94,75.06,0.01,2.67,3.58,33.45
101,"Evaluate training materials prepared by instructors, such as outlines, text, or handouts.",18.91,18.91,81.09,0.01,2.63,3.43,32.05
1010,Develop testing and evaluation procedures.,53.19,53.19,46.81,0.0,3.24,9.08,39.93
1012,"Confer with management and conduct surveys to identify training needs based on projected production processes, changes, and other factors.",60.0,60.0,40.0,0.0,2.86,3.08,16.55
1013,"Develop and organize training manuals, multimedia visual aids, and other educational materials.",60.74,60.74,39.26,0.18,3.4,8.62,23.35
1014,"Plan, develop, and provide training and staff development programs, using knowledge of the effectiveness of methods such as classroom training, demonstrations, on-the-job training, meetings, conferences, and workshops.",40.0,40.0,60.0,0.0,2.78,7.2,55.24
1015,Analyze training needs to develop new training programs or modify and improve existing programs.,53.57,53.57,46.43,0.0,2.83,1.33,7.46
10160,"Record production data, and maintain production logs.",100.0,100.0,0.0,0.0,2.84,4.32,86.21
10199,Maintain inventories of materials.,95.0,95.0,5.0,0.0,2.95,1.79,13.25
1022,Prepare and process requisitions and purchase orders for supplies and equipment.,64.26,67.42,37.5,0.0,2.73,2.13,10.85
1025,Review purchase order claims and contracts for conformance to company policy.,52.94,52.94,47.06,0.0,2.82,3.34,15.59
1027,"Develop and implement purchasing and contract management instructions, policies, and procedures.",49.43,52.94,54.17,0.0,3.04,10.71,45.72
1028,"Participate in the development of specifications for equipment, products, or substitute materials.",32.15,32.15,67.85,0.02,2.98,10.79,62.71
10306,Add dimensional details to blueprints or drawings made by other workers.,54.29,54.29,45.71,0.0,3.11,3.69,19.86
10316,Maintain production records.,66.67,66.67,33.33,0.0,2.89,5.58,55.29
10402,"Enter, store, and retrieve information on computer-aided equipment.",94.83,94.83,5.17,0.0,2.44,0.97,12.08
10475,Analyze problems and take appropriate action to ensure continuous and reliable operation of equipment and systems.,83.94,83.94,16.06,0.45,2.71,6.57,83.24
10476,"Maintain daily logs of operation, maintenance, and safety activities, including test results, instrument readings, and details of equipment malfunctions and maintenance work.",100.0,100.0,0.0,0.0,3.25,0.53,1.4
10496,"Record operating data, such as process conditions, test results, or instrument readings.",100.0,100.0,0.0,0.0,3.1,1.43,16.7
10507,Calculate material requirements or yields according to formulas.,56.06,56.06,43.94,0.0,2.66,2.5,18.15
1070,"Present and explain proposals, reports, or findings to clients.",52.44,53.54,48.55,0.02,2.49,1.71,13.18
10718,Provide customers with information about local roads or highways.,70.54,73.68,30.77,0.0,2.51,0.32,4.68
10779,Read work orders or receive oral instructions to determine work assignments or material or equipment needs.,96.43,96.43,3.57,0.0,1.79,0.24,2.34
10782,Sort cargo before loading and unloading.,94.55,96.55,5.56,0.0,3.45,1.12,10.56
1082,Schedule staff hours and assign duties.,18.75,18.75,81.25,0.0,3.13,7.14,46.81
10831,"Prepare, organize, and maintain inspection records.",76.6,76.6,23.4,0.0,3.41,6.74,29.22
10844,Evaluate label information for accuracy and conformance to regulatory requirements.,20.0,20.0,80.0,0.0,2.7,3.34,22.35
10866,Interpret civil rights laws and equal opportunity regulations for individuals or employers.,40.74,40.74,59.26,0.0,2.45,3.12,27.41
10869,"Coordinate, monitor, or revise complaint procedures to ensure timely processing and review of complaints.",100.0,100.0,0.0,0.0,2.58,,1.16
10875,"Provide information, technical assistance, or training to supervisors, managers, or employees on topics such as employee supervision, hiring, grievance procedures, or staff development.",44.44,44.44,55.56,0.0,2.81,4.0,32.56
1088,"Review work procedures and operational problems to determine ways to improve service, performance, or safety.",42.89,44.0,58.58,0.05,2.74,5.88,54.77
10903,"Perform complex calculations as part of the analysis and evaluation of data, using computers.",50.57,50.57,49.43,0.1,2.69,4.58,32.95
10904,Describe and express observations and conclusions in mathematical terms.,44.26,44.26,55.74,0.01,2.79,9.12,42.06
10934,Pray and promote spirituality.,48.59,48.59,51.41,0.02,3.0,2.71,36.08
10938,"Share information about religious issues by writing articles, giving speeches, or teaching.",47.3,47.3,52.7,0.02,2.91,7.54,32.55
10940,"Counsel individuals or groups concerning their spiritual, emotional, or personal needs.",43.04,43.04,56.96,0.09,2.99,5.59,88.16
10944,"Study and interpret religious laws, doctrines, or traditions.",26.07,26.07,73.93,0.04,2.89,1.79,15.62
10947,Respond to requests for assistance during emergencies or crises.,60.14,60.14,39.86,0.01,3.24,4.27,131.21
1095,"Assess staffing needs and recruit staff, using methods such as newspaper advertisements or attendance at job fairs.",50.0,50.0,50.0,0.0,2.66,3.43,32.04
10952,"Refer people to community support services, psychologists, or doctors.",56.6,56.6,43.4,0.0,3.23,2.63,75.22
10955,"Lead discussion sections, tutorials, or laboratory sections.",17.58,17.58,82.42,0.12,2.35,2.68,44.41
10956,"Evaluate and grade examinations, assignments, or papers, and record grades.",51.24,51.24,48.76,0.01,2.74,4.21,32.37
10959,"Inform students of the procedures for completing and submitting class work, such as lab reports.",29.24,29.24,70.76,0.06,2.48,2.69,46.07
10960,Prepare or proctor examinations.,65.62,65.63,34.38,0.01,3.22,5.31,12.37
10965,Teach undergraduate-level courses.,14.48,14.71,86.9,0.01,2.39,2.79,36.44
10966,Complete laboratory projects prior to assigning them to students so that any needed modifications can be made.,65.62,65.63,34.38,0.0,3.16,8.23,43.38
10967,"Develop teaching materials, such as syllabi, visual aids, answer keys, supplementary notes, or course Web sites.",52.82,52.82,47.18,0.21,3.18,10.85,32.28
10977,Research information requested by farmers.,49.59,49.59,50.41,0.01,2.62,4.95,35.74
10978,"Prepare and distribute leaflets, pamphlets, and visual aids for educational and informational purposes.",43.88,41.37,52.92,0.02,3.32,6.6,26.05
10985,"Conduct agricultural research, analyze data, and prepare research reports.",60.71,60.71,39.29,0.0,3.14,10.56,39.18
10990,"Integrate and develop visual elements, such as line, space, mass, color, and perspective, to produce desired effects, such as the illustration of ideas, emotions, or moods.",46.41,46.41,53.59,0.12,3.23,6.29,32.29
10991,"Confer with clients, editors, writers, art directors, and other interested parties regarding the nature and content of artwork to be produced.",53.85,53.85,46.15,0.0,2.52,5.87,120.87
10992,"Submit preliminary or finished artwork or project plans to clients for approval, incorporating changes as necessary.",27.78,27.78,72.22,0.0,3.0,4.79,26.06
10996,"Monitor events, trends, and other circumstances, research specific subject areas, attend art exhibitions, and read art publications to develop ideas and keep current on art world activities.",70.59,70.59,29.41,0.0,3.22,1.36,6.78
10998,"Render drawings, illustrations, and sketches of buildings, manufactured products, or models, working from sketches, blueprints, memory, models, or reference materials.",56.1,56.1,43.9,0.0,3.41,3.97,12.55
11002,"Develop project budgets for approval, estimating time lines and material costs.",37.0,37.0,63.0,0.02,3.01,8.06,42.62
1101,Create specialty dishes and develop recipes to be used in dining facilities.,56.73,56.73,43.27,0.08,2.94,1.24,13.06
11020,Prepare actors for auditions by providing scripts and information about roles and casting requirements.,34.48,34.48,65.52,0.0,2.6,4.98,82.06
1103,"Schedule use of facilities or catering services for events such as banquets or receptions, and negotiate details of arrangements with clients.",71.05,71.05,28.95,0.0,2.46,0.74,9.9
11039,Assess students' dancing abilities to determine where improvement or change is needed.,33.33,33.33,66.67,0.0,2.83,0.27,4.75
1104,Greet and register guests.,77.78,77.78,22.22,0.01,2.22,0.29,0.94
11042,"Design sets, lighting, costumes, and other artistic elements of productions, in collaboration with cast members.",18.75,18.75,81.25,0.0,3.06,6.44,81.2
11046,"Revise written material to meet personal standards and to satisfy needs of clients, publishers, directors, or producers.",16.31,16.31,83.69,0.74,2.49,4.23,48.21
11047,"Choose subject matter and suitable form to express personal feelings and experiences or ideas, or to narrate stories or events.",37.22,37.22,62.78,0.17,2.83,5.28,71.81
11048,"Plan project arrangements or outlines, and organize material accordingly.",32.58,32.58,67.42,0.13,2.81,7.95,57.73
11049,"Prepare works in appropriate format for publication, and send them to publishers or producers.",61.54,61.54,38.46,0.0,3.22,11.83,44.5
1105,"Answer inquiries pertaining to hotel policies and services, and resolve occupants' complaints.",49.94,49.0,49.12,0.0,2.35,1.06,15.68
11051,"Write fiction or nonfiction prose, such as short stories, novels, biographies, articles, descriptive or critical analyses, and essays.",37.15,37.15,62.85,0.45,2.81,7.95,55.39
11052,"Develop factors such as themes, plots, characterizations, psychological analyses, historical environments, action, and dialogue to create material.",36.86,36.86,63.14,0.49,2.86,9.47,75.36
11053,"Confer with clients, editors, publishers, or producers to discuss changes or revisions to written material.",11.32,11.32,88.68,0.0,2.49,4.97,83.42
11054,"Conduct research to obtain factual information and authentic detail, using sources such as newspaper accounts, diaries, and interviews.",22.86,22.86,77.14,0.0,2.97,5.42,33.87
11055,"Write narrative, dramatic, lyric, or other types of poetry for publication.",39.31,39.31,60.69,0.04,3.01,2.27,20.83
11057,"Write words to fit musical compositions, including lyrics for operas, musical plays, and choral works.",32.88,32.88,67.12,0.05,2.86,5.45,43.83
11058,Adapt text to accommodate musical requirements of composers and singers.,14.29,14.29,85.71,0.0,2.48,3.31,52.17
1106,"Assign duties to workers, and schedule shifts.",37.5,37.5,62.5,0.0,3.24,4.35,27.41
11060,"Write humorous material for publication, or for performances such as comedy routines, gags, and comedy shows.",38.9,38.9,61.1,0.07,2.88,1.52,13.97
11061,Collaborate with other writers on specific projects.,41.18,41.18,58.82,0.0,3.06,6.94,103.53
11069,Conduct safety training or education programs and demonstrate the use of safety equipment.,69.77,69.77,30.23,0.0,2.19,1.58,23.72
11108,Maintain records and logbooks.,98.04,98.04,1.96,0.0,3.04,2.08,5.71
1112,Observe and monitor staff performance to ensure efficient operations and adherence to facility's policies and procedures.,95.45,95.45,4.55,0.0,3.09,0.87,2.26
11134,Determine how food should be presented and create decorative food displays.,40.43,45.61,67.19,0.0,2.92,4.64,30.3
11136,"Estimate amounts and costs of required supplies, such as food and ingredients.",42.03,37.5,51.72,0.0,2.55,1.31,17.52
11137,"Collaborate with other personnel to plan and develop recipes or menus, taking into account such factors as seasonal availability of ingredients or the likely number of customers.",19.85,18.75,75.73,0.0,2.61,5.92,52.11
11142,"Meet with customers to discuss menus for special occasions, such as weddings, parties, or banquets.",34.78,34.78,65.22,0.0,2.72,2.56,27.49
11146,Record production or operational data on specified forms.,77.42,77.42,22.58,0.0,3.13,3.05,20.06
1115,Develop and implement policies and procedures for the operation of a department or establishment.,46.43,46.43,53.57,0.01,3.16,10.02,51.18
11161,Record amounts and types of special food items served to customers.,85.71,85.71,14.29,0.0,2.29,1.95,55.0
1117,Prepare required paperwork pertaining to departmental functions.,68.18,71.43,33.33,0.0,3.28,5.15,26.78
11172,Locate items requested by customers.,75.0,75.0,25.0,0.02,2.53,0.6,6.59
11193,Clean or prepare various foods for cooking or serving.,73.91,73.91,26.09,0.0,2.41,0.3,5.61
1120,"Arrange telephone answering services, deliver mail and packages, or answer questions regarding locations for eating and entertainment.",63.34,63.34,36.66,0.01,2.76,1.39,14.05
11200,"Inspect completed work to ensure conformance to specifications, standards, and contract requirements.",78.6,76.0,20.69,0.0,3.13,3.45,20.63
1121,Perform marketing and public relations activities.,76.79,79.05,23.89,0.0,3.15,2.37,23.84
11213,"Prepare or maintain required records, such as work activity or personnel reports.",67.61,61.67,29.55,0.0,3.21,3.43,20.15
11223,"Answer inquiries from current or prospective customers regarding methods, materials, or price ranges.",48.94,48.94,51.06,0.0,2.56,1.36,9.06
11237,"Answer customers' questions about products, prices, availability, or credit terms.",50.54,51.62,50.51,0.21,2.45,0.79,9.93
11238,"Quote prices, credit terms, or other bid specifications.",41.18,41.18,58.82,0.0,2.61,1.93,33.31
11239,"Emphasize product features, based on analyses of customers' needs and on technical knowledge of product capabilities and limitations.",26.58,26.58,73.42,0.05,2.61,1.95,19.16
11240,Negotiate prices or terms of sales or service agreements.,49.17,49.17,50.83,0.01,2.42,1.85,32.47
11241,"Maintain customer records, using automated systems.",90.62,90.63,9.38,0.0,2.88,2.39,31.66
11246,Prepare sales presentations or proposals to explain product specifications or applications.,35.35,35.35,64.65,0.04,3.0,9.21,51.68
11248,Provide customers with ongoing technical support.,69.53,69.53,30.47,0.05,2.3,3.06,87.52
11249,"Inform customers of estimated delivery schedules, service contracts, warranties, or other information pertaining to purchased products.",63.16,63.16,36.84,0.0,2.25,1.7,30.32
11252,"Complete expense reports, sales reports, or other paperwork.",50.0,50.0,50.0,0.0,3.0,4.43,22.61
11261,"Compute customer's installation or production costs and estimate savings from new services, products, or equipment.",25.0,25.0,75.0,0.0,2.63,1.95,17.0
11270,"Prepare documents and correspondence, such as damage claims, credit and billing inquiries, invoices, and service complaints.",48.58,48.58,51.42,0.02,2.44,1.64,30.34
11271,Compile data from records to prepare periodic reports.,82.13,82.13,17.87,0.01,3.13,3.59,12.64
11272,Present clear and concise explanations of governing rules and regulations.,28.8,28.87,71.36,0.28,2.37,1.93,18.53
11273,Read incoming correspondence to ascertain nature of writers' concerns and to determine disposition of correspondence.,78.36,78.36,21.64,0.01,2.28,0.82,8.91
11274,Type acknowledgment letters to persons sending correspondence.,61.46,61.46,38.54,0.02,2.46,0.91,14.05
11277,"Gather records pertinent to specific problems, review them for completeness and accuracy, and attach records to correspondence as necessary.",66.06,69.35,35.63,0.0,2.84,4.97,48.0
11278,Complete form letters in response to requests or problems identified by correspondence.,68.06,74.23,34.83,0.0,2.47,1.02,14.37
1128,"Prepare and maintain records and reports, such as budgets, personnel records, or training manuals.",43.55,43.55,56.45,0.0,3.18,6.83,36.18
11280,"Compose letters in reply to correspondence concerning such items as requests for merchandise, damage claims, credit information requests, delinquent accounts, incorrect billing, or unsatisfactory service.",54.25,54.25,45.75,0.04,2.47,1.45,25.39
11297,"Prepare and type loan applications, closing documents, legal documents, letters, forms, government notices, and checks, using computers.",57.69,57.69,42.31,0.0,2.96,4.0,34.92
11299,"Calculate, review, and correct errors on interest, principal, payment, and closing costs, using computers or calculators.",36.84,36.84,63.16,0.0,2.68,4.43,34.91
11354,Answer customers' questions about postal services and regulations.,48.0,50.0,54.17,0.0,2.36,0.26,7.64
11362,"Examine documents, materials, or products and monitor work processes to assess completeness, accuracy, and conformance to standards and specifications.",41.02,41.02,58.98,0.14,2.7,4.51,28.54
11364,Confer with department supervisors or other personnel to assess progress and discuss needed changes.,68.42,68.42,31.58,0.0,2.55,1.6,32.93
11365,"Revise production schedules when required due to design changes, labor or material shortages, backlogs, or other interruptions, collaborating with management, marketing, sales, production, or engineering.",75.0,75.0,25.0,0.0,2.8,1.11,16.05
11369,"Calculate figures, such as required amounts of labor or materials, manufacturing costs, or wages, using pricing schedules, adding machines, calculators, or computers.",43.2,43.2,56.8,0.01,2.55,3.14,26.8
11371,"Compile information, such as production rates and progress, materials inventories, materials used, or customer information, so that status reports can be completed.",66.07,66.07,33.93,0.0,2.79,3.12,16.77
11376,"Establish and prepare product construction directions and locations and information on required tools, materials, equipment, numbers of workers needed, and cost projections.",44.03,44.03,55.97,0.01,3.18,7.32,34.82
11377,"Compile and prepare documentation related to production sequences, transportation, personnel schedules, or purchase, maintenance, or repair orders.",52.38,52.38,47.62,0.0,2.82,3.26,66.09
1138,"Analyze proposed legislation, regulations, or rule changes to determine how agency services could be impacted.",37.15,32.61,55.17,0.0,2.72,8.13,30.43
11383,"Weigh or measure materials, equipment, or products to maintain relevant records, using volume meters, scales, rules, or calipers.",65.52,65.52,34.48,0.0,2.4,0.68,12.78
11384,"Communicate with customers and vendors to exchange information regarding products, materials, and services.",40.72,40.89,59.53,0.02,2.57,0.89,14.45
1139,"Act as consultants to agency staff and other community programs regarding the interpretation of program-related federal, state, and county regulations and policies.",29.35,29.35,70.65,0.04,2.47,3.37,36.97
11390,"Sort products or materials into predetermined sequences or groupings for display, packing, shipping, or storage.",76.81,76.81,23.19,0.0,2.7,1.24,7.06
11401,"Read source documents such as canceled checks, sales reports, or bills, and enter data in specific data fields or onto tapes or disks for subsequent entry, using keyboards or scanners.",80.5,80.5,19.5,0.01,2.98,3.49,14.09
11402,"Compile, sort, and verify the accuracy of data before it is entered.",69.39,69.39,30.61,0.02,2.83,5.67,22.4
11403,"Compare data with source documents, or re-enter data in verification format to detect errors.",58.82,58.82,41.18,0.02,3.11,7.32,37.53
11404,Store completed documents in appropriate locations.,100.0,100.0,0.0,0.0,3.35,1.11,7.0
11405,"Locate and correct data entry errors, or report them to supervisors.",59.2,59.2,40.8,0.0,2.83,4.51,24.65
11406,Maintain logs of activities and completed work.,96.73,96.73,3.27,0.03,2.91,0.8,7.06
11409,"Resolve garbled or indecipherable messages, using cryptographic procedures and equipment.",67.86,73.91,35.0,0.0,2.59,0.35,3.85
11425,Estimate material or worker requirements to complete jobs.,44.96,44.96,55.04,0.01,2.67,3.52,33.44
11431,"Record information, such as personnel, production, or operational data on specified forms or reports.",92.46,92.46,7.54,0.01,2.91,2.5,33.67
1144,"Research and evaluate suppliers, based on price, quality, selection, service, support, availability, reliability, production and distribution capabilities, and the supplier's reputation and history.",57.71,57.71,42.29,0.01,2.6,5.1,32.1
1145,"Analyze price proposals, financial reports, and other data and information to determine reasonable prices.",31.73,31.73,68.27,0.0,2.82,9.75,77.73
1147,"Negotiate, renegotiate, and administer contracts with suppliers, vendors, and other representatives.",36.82,38.3,65.71,0.0,2.47,5.26,47.64
11505,Confer with customers to determine project requirements or to provide cost estimates.,28.3,31.58,80.0,0.0,2.55,1.22,33.35
1151,"Maintain and review computerized or manual records of purchased items, costs, deliveries, product performance, and inventories.",74.02,74.02,25.98,0.01,3.09,4.43,30.07
11515,"Calculate amounts of required materials and estimate costs, based on surface measurements or work orders.",40.13,40.13,59.87,0.01,2.68,3.68,37.59
1152,"Review catalogs, industry periodicals, directories, trade journals, and Internet sites and consult with other department personnel to locate necessary goods and services.",80.71,80.71,19.29,0.01,2.44,0.81,5.06
1157,"Write and review product specifications, maintaining a working technical knowledge of the goods or services to be purchased.",45.9,45.9,54.1,0.0,3.08,13.85,54.79
1158,"Monitor changes affecting supply and demand, tracking market conditions, price trends, or futures markets.",65.39,65.39,34.61,0.05,2.79,5.44,43.15
11623,Converse with customers to determine details of equipment problems.,72.63,72.63,27.37,0.0,2.48,0.35,8.09
11644,Analyze equipment performance records to assess equipment functioning.,65.14,65.14,34.86,0.0,2.72,4.68,35.22
11655,"Demonstrate equipment to customers and explain its use, responding to any inquiries or complaints.",27.13,27.13,72.87,0.08,2.47,0.99,9.55
11656,"Analyze test readings, computer printouts, and trouble reports to determine equipment repair needs and required repair methods.",80.0,80.0,20.0,0.0,2.52,3.45,60.02
11674,Maintain computer and manual records pertaining to facilities and equipment.,76.19,76.19,23.81,0.0,3.05,2.74,54.76
11677,"Perform database verifications, using computers.",72.11,75.51,29.2,0.0,2.62,1.7,8.93
11682,Measure distances from landmarks to identify exact installation sites for equipment.,68.42,68.42,31.58,0.0,2.37,0.62,13.53
11686,Provide input into the design and manufacturing of new equipment.,27.78,27.78,72.22,0.0,2.61,4.49,46.68
11695,Read service guides to find information needed to perform repairs.,63.16,63.16,36.84,0.0,2.24,0.57,12.33
11740,Confer with customers to determine the nature of malfunctions.,88.68,88.68,11.32,0.0,2.38,0.41,6.7
11741,Estimate costs of repairs based on parts and labor requirements.,55.64,60.0,47.83,0.0,2.75,1.49,20.17
11747,"Prepare and maintain records detailing tests, repairs, and maintenance.",57.14,57.14,42.86,0.0,3.29,8.86,36.62
11748,"Analyze test data to diagnose malfunctions, to determine performance characteristics of systems, or to evaluate effects of system modifications.",66.37,66.37,33.63,0.06,2.75,6.43,63.7
11767,"Demonstrate systems for customers and explain details, such as the causes and consequences of false alarms.",18.12,18.12,81.88,0.03,2.54,1.14,9.33
11771,Provide customers with cost estimates for equipment installation.,52.94,52.94,47.06,0.0,2.82,3.19,31.18
11772,"Prepare documents, such as invoices or warranties.",48.57,48.57,51.43,0.0,3.11,5.42,42.89
11821,"Analyze test results, machine error messages, or information obtained from operators to diagnose equipment problems.",82.33,82.33,17.67,0.02,2.65,3.92,59.33
11908,Record production and operational data on specified forms.,93.18,93.18,6.82,0.0,3.06,3.55,46.82
11922,Adapt the quantity of ingredients to match the amount of items to be baked.,62.22,80.0,48.57,0.0,2.25,0.96,50.75
11927,Prepare or maintain inventory or production records.,71.11,71.11,28.89,0.0,3.0,5.49,33.8
11931,Develop new recipes for baked goods.,41.91,41.91,58.09,0.02,2.73,1.59,25.11
11955,"Implement changes to machine programs, and enter new specifications, using computers.",77.27,77.27,22.73,0.0,2.64,2.24,38.77
11964,Compare encoded tapes or computer printouts with original part specifications and blueprints to verify accuracy of instructions.,43.66,43.66,56.34,0.0,2.25,1.73,10.05
11968,"Enter computer commands to store or retrieve parts patterns, graphic displays, or programs that transfer data to other media.",87.5,87.5,12.5,0.0,2.69,0.97,14.63
11969,"Prepare geometric layouts from graphic displays, using computer-assisted drafting software or drafting instruments and graph paper.",40.37,40.37,59.63,0.01,3.15,4.96,25.74
1213,"Plan and develop programs, agendas, budgets, and services according to customer requirements.",41.79,41.41,57.68,0.07,3.13,11.73,47.82
1217,"Maintain records of event aspects, including financial details.",60.0,60.0,40.0,0.0,3.07,,19.6
12222,"Estimate the amounts, types, or costs of needed materials.",45.9,44.8,52.81,0.01,2.7,3.77,32.64
12238,"Compute dimensions, areas, volumes, and weights.",61.35,61.35,38.65,0.02,2.32,0.94,9.44
1225,Design and implement efforts to publicize events and promote sponsorships.,29.41,29.41,70.59,0.05,2.85,5.25,40.93
1228,"Promote conference, convention and trades show services by performing tasks such as meeting with professional and trade associations, and producing brochures and other publications.",33.33,33.33,66.67,0.0,2.61,6.2,36.13
12306,"Track conditions that could affect power needs, such as changes in the weather, and adjust equipment to meet any anticipated changes.",100.0,100.0,0.0,0.0,2.33,0.22,1.83
12308,Calculate load estimates or equipment requirements to determine required control settings.,50.0,50.0,50.0,0.0,2.56,2.89,30.0
12324,"Record and compile operational data by completing and maintaining forms, logs, or reports.",93.6,93.6,6.4,0.03,3.16,2.33,18.92
12378,"Record data from operations, testing, and production on specified forms.",,,,0.0,3.2,7.07,67.53
12407,Record operational or production data on specified forms.,90.85,90.85,9.15,0.01,2.88,2.49,31.42
12472,"Discard or reject products, materials, or equipment not meeting specifications.",65.0,61.9,33.33,0.0,3.1,3.67,43.52
12481,"Analyze test data, making computations as necessary, to determine test results.",80.0,80.0,20.0,0.0,2.9,2.93,14.4
12484,"Compare colors, shapes, textures, or grades of products or materials with color charts, templates, or samples to verify conformance to standards.",55.81,55.81,44.19,0.0,2.4,0.52,6.13
12493,"Grade, classify, or sort products according to sizes, weights, colors, or other specifications.",80.65,77.63,18.62,0.0,2.8,2.79,12.96
12497,"Interpret legal requirements, provide safety information, or recommend compliance procedures to contractors, craft workers, engineers, or property owners.",26.52,26.52,73.48,0.01,2.7,8.21,60.13
1250,Analyze credit data and financial statements to determine the degree of risk involved in extending credit or lending money.,58.33,58.33,41.67,0.0,2.86,7.48,30.14
1251,Prepare reports that include the degree of risk involved in extending credit or lending money.,42.11,42.11,57.89,0.0,3.25,11.3,35.3
12510,Record operational data on specified forms.,96.74,96.74,3.26,0.0,2.89,1.46,38.08
1252,"Evaluate customer records and recommend payment plans, based on earnings, savings data, payment history, and purchase activity.",47.74,46.55,50.96,0.01,2.53,5.98,73.33
1257,"Compare liquidity, profitability, and credit histories of establishments being evaluated with those of similar establishments in the same industries and geographic locations.",55.1,55.1,44.9,0.0,2.65,11.0,39.29
1267,Correct errors by making appropriate changes and rechecking the program to ensure that the desired results are produced.,73.78,73.0,25.94,0.33,2.8,4.56,46.39
1268,Conduct trial runs of programs and software applications to be sure they will produce the desired information and that the instructions are correct.,89.42,89.42,10.58,0.01,3.45,7.66,31.36
1269,"Compile and write documentation of program development and subsequent revisions, inserting comments in the coded instructions so others can understand the program.",77.02,77.02,22.98,0.03,3.13,10.44,52.64
1270,"Write, update, and maintain computer programs or software packages to handle specific jobs such as tracking inventory, storing or retrieving data, or controlling other equipment.",71.81,71.81,28.19,0.28,3.11,10.74,65.54
1272,"Perform or direct revision, repair, or expansion of existing programs to increase operating efficiency or adapt to new requirements.",65.92,66.62,34.44,0.15,2.98,6.29,45.22
1273,"Write, analyze, review, and rewrite programs, using workflow chart and diagram, and applying knowledge of computer capabilities, subject matter, and symbolic logic.",62.1,62.1,37.9,0.28,2.94,9.38,62.26
1274,Write or contribute to instructions or manuals to guide end users.,65.43,65.43,34.57,0.01,3.11,7.19,25.76
12743,"Compile information about flights from flight plans, pilot reports, radar, or observations.",50.0,50.0,50.0,0.0,2.78,3.92,19.11
12748,"Review records or reports for clarity and completeness and maintain records or reports, as required under federal law.",55.65,55.65,44.35,0.01,2.78,4.4,28.05
1275,"Investigate whether networks, workstations, the central processing unit of the system, or peripheral equipment are responding to a program's instructions.",96.15,96.15,3.85,0.0,2.51,0.37,2.93
1276,"Prepare detailed workflow charts and diagrams that describe input, output, and logical operation, and convert them into a series of instructions coded in a computer language.",51.22,51.22,48.78,0.01,3.19,7.33,32.89
12773,"Greet passengers, provide information, and answer questions concerning fares, schedules, transfers, and routings.",67.67,67.67,32.33,0.0,2.3,0.57,13.14
1281,Train subordinates in programming and program coding.,38.46,38.46,61.54,0.0,2.52,5.2,152.67
1282,Answer user inquiries regarding computer software or hardware operation to resolve problems.,66.49,66.49,33.51,1.98,2.39,1.34,33.1
1283,Enter commands and observe system functioning to verify correct operations and detect errors.,95.65,95.65,4.35,0.0,3.31,4.76,26.61
1284,"Install and perform minor repairs to hardware, software, or peripheral equipment, following design or installation specifications.",94.43,94.97,5.6,0.01,2.72,2.29,60.33
1285,Oversee the daily performance of computer systems.,99.75,99.75,0.25,0.01,2.85,0.71,3.47
12866,"Confer with clients to develop strategies for their careers, and to explain actions taken on their behalf.",27.53,29.55,77.78,0.0,2.39,3.03,73.35
1287,"Maintain records of daily data communication transactions, problems and remedial actions taken, or installation activities.",99.34,99.34,0.66,0.01,3.05,0.9,5.15
12874,Prepare periodic accounting statements for clients.,57.81,57.81,42.19,0.0,3.09,4.7,21.05
12875,"Advise clients on financial and legal matters, such as investments and taxes.",28.0,28.0,72.0,0.11,2.5,3.97,39.88
1288,"Read technical manuals, confer with users, or conduct computer diagnostics to investigate and resolve problems or to provide technical assistance and support.",53.27,53.27,46.73,0.06,2.43,2.32,32.44
12882,Review orders to determine product types and quantities required to meet demand.,40.54,40.54,59.46,0.0,2.32,3.49,27.22
12883,"Maintain records of business transactions and product inventories, reporting data to companies or government agencies as necessary.",89.28,81.58,9.8,0.0,2.92,2.34,12.58
1289,"Confer with staff, users, and management to establish requirements for new systems or modifications.",41.03,41.03,58.97,0.0,2.69,10.54,89.75
12890,"Prepare correspondence, reports of inspections or investigations, or recommendations for action.",71.45,71.45,28.55,0.03,2.83,2.06,18.61
12904,Analyze financial information obtained from clients to determine strategies for meeting clients' financial objectives.,48.48,48.48,51.52,0.0,2.84,7.92,44.84
12907,"Interview clients to determine their current income, expenses, insurance coverage, tax status, financial objectives, risk tolerance, or other information needed to develop a financial plan.",75.0,75.0,25.0,0.0,2.71,3.09,22.88
12913,"Prepare or interpret for clients information, such as investment performance reports, financial document summaries, or income projections.",33.07,33.07,66.93,0.15,2.57,3.75,26.43
12914,"Guide clients in the gathering of information, such as bank account records, income tax returns, life and disability insurance records, pension plans, or wills.",62.27,62.27,37.73,0.01,2.66,5.18,68.29
1292,"Prepare evaluations of software or hardware, and recommend improvements or upgrades.",39.43,39.43,60.57,0.07,2.84,5.15,37.71
12929,"Prepare reports or recommendations, based upon research outcomes.",36.73,36.73,63.27,0.0,3.2,17.4,50.25
12937,"Study the chemistry of living processes, such as cell development, breathing and digestion, or living energy changes, such as growth, aging, or death.",11.11,11.11,88.89,0.0,2.59,0.6,7.47
12953,"Provide assistance with the preparation of project-related reports, manuscripts, and presentations.",30.44,30.44,69.56,0.02,2.84,8.82,63.43
12956,"Verify the accuracy and validity of data entered in databases, correcting any errors.",63.51,63.03,36.21,0.07,3.0,5.54,29.56
12957,"Prepare tables, graphs, fact sheets, and written reports summarizing research results.",41.89,41.89,58.11,0.01,3.27,13.61,51.8
1296,Modify and customize commercial programs for internal needs.,78.31,78.31,21.69,0.0,3.17,5.01,28.34
12962,Perform data entry and other clerical work as required for project completion.,90.32,90.32,9.68,0.0,3.13,4.35,13.43
12963,Design and create special programs for tasks such as statistical analysis and data entry and cleaning.,61.41,61.41,38.59,0.04,3.14,11.91,74.6
12964,Code data in preparation for computer entry.,63.16,63.16,36.84,0.0,2.64,5.62,36.07
12965,Provide assistance in the design of survey instruments such as questionnaires.,36.0,36.0,64.0,0.0,2.92,7.31,47.08
12973,Perform needs assessments or consult with clients to determine the types of research and information required.,58.62,58.62,41.38,0.01,2.37,1.25,22.44
12977,Develop or direct study courses or religious education programs within congregations.,29.31,29.31,70.69,0.0,2.86,10.41,59.86
12978,Select appropriate curricula or class structures for educational programs.,28.55,28.55,71.45,0.01,2.96,11.1,60.21
12980,"Counsel individuals regarding interpersonal, health, financial, or religious problems.",40.77,40.77,59.23,0.73,2.79,3.37,92.52
12983,"Schedule special events, such as camps, conferences, meetings, seminars, or retreats.",42.52,40.35,54.55,0.0,2.89,5.51,45.66
1299,Modify existing databases and database management systems or direct programmers and analysts to make changes.,76.51,76.51,23.49,0.03,3.03,4.4,38.42
12992,"Interpret religious education activities to the public through speaking, leading discussions, or writing articles for local or national publications.",25.33,26.53,78.21,0.0,2.92,1.03,9.45
12996,Prepare settlement agreements for disputants to sign.,33.13,33.13,66.87,0.0,2.77,5.21,41.96
12999,Prepare written opinions or decisions regarding cases.,37.5,37.5,62.5,0.0,2.88,4.2,26.25
13,"Confer with potential customers regarding equipment needs, and advise customers on types of equipment to purchase.",41.32,41.32,58.68,0.05,2.44,1.82,34.14
130,"Prepare information regarding design, structure specifications, materials, color, equipment, estimated costs, or construction time.",36.48,36.48,63.52,0.01,3.12,11.44,37.5
13005,"Research laws, regulations, policies, or precedent decisions to prepare for hearings.",33.71,33.71,66.29,0.0,2.73,10.38,56.85
13007,Recommend acceptance or rejection of compromise settlement offers.,30.25,30.25,69.75,0.0,2.48,8.73,112.09
1301,"Plan, coordinate, and implement security measures to safeguard information in computer files against accidental or unauthorized damage, modification or disclosure.",76.84,76.84,23.16,0.01,2.72,5.81,69.71
13015,"Sketch rough and detailed drawings of apparel or accessories, and write specifications such as color schemes, construction, material types, and accessory requirements.",44.05,44.05,55.95,0.0,2.62,3.55,37.31
13017,"Identify target markets for designs, looking at factors such as age, gender, and socioeconomic status.",28.57,28.57,71.43,0.0,2.71,10.26,66.0
13025,"Design custom clothing and accessories for individuals, retailers, or theatrical, television, or film productions.",52.7,52.7,47.3,0.0,3.17,4.72,26.63
1303,Train users and answer questions.,44.41,44.41,55.59,0.06,2.55,4.5,98.71
13038,"Assess performance following athletic competition, identifying strengths and weaknesses and making adjustments to improve future performance.",45.45,45.45,54.55,0.0,2.75,1.0,18.85
1306,"Develop data models describing data elements and how they are used, following procedures and using pen, template, or computer software.",26.18,27.59,77.78,0.0,2.96,11.4,59.85
13096,"Search computer databases, credit reports, public records, tax or legal filings, or other resources to locate persons or to compile information for investigations.",,,,0.0,2.47,3.63,12.87
13097,"Obtain and analyze information on suspects, crimes, or disturbances to solve cases, to identify criminal activity, or to gather information for court cases.",82.35,82.35,17.65,0.0,2.88,7.88,82.94
131,Consult with clients to determine functional or spatial requirements of structures.,41.57,41.18,57.89,0.0,2.85,2.83,23.55
1313,"Write and code logical and physical database descriptions and specify identifiers of database to management system, or direct others in coding descriptions.",64.73,64.73,35.27,0.03,2.98,11.87,65.73
1314,"Review workflow charts developed by programmer analyst to understand tasks computer will perform, such as updating records.",24.14,24.14,75.86,0.0,2.41,1.43,9.44
13154,"Direct marketing, advertising, or other customer recruitment efforts.",59.09,59.09,40.91,0.0,2.71,2.89,37.91
13156,"Resolve any problems with itineraries, service, or accommodations.",83.33,83.33,16.67,0.0,2.24,1.15,28.52
13164,Give advice on sightseeing and shopping.,71.91,71.91,28.09,0.0,3.0,1.21,10.3
1317,Perform data backups and disaster recovery operations.,96.69,96.69,3.31,0.0,2.79,1.29,23.71
13174,"Respond to passengers' questions, requests, or complaints.",71.76,71.76,28.24,0.01,2.31,0.44,11.16
13175,Explain and demonstrate safety procedures and safety equipment use.,69.57,69.57,30.43,0.0,2.4,1.06,15.13
13182,"Provide customers with information on routes, gates, prices, timetables, terminals, or concourses.",75.1,75.1,24.9,0.02,2.43,0.53,9.02
1319,"Plan, coordinate, and implement network security measures to protect data, software, and hardware.",63.49,63.49,36.51,0.0,2.65,4.54,70.7
13190,"Demonstrate or explain products, methods, or services to persuade customers to purchase products or use services.",33.33,33.33,66.67,0.0,2.77,4.58,21.67
13196,Suggest specific product purchases to meet customers' needs.,43.18,43.18,56.82,0.49,2.6,2.16,32.94
13198,Identify interested and qualified customers to provide them with additional information.,91.3,91.3,8.7,0.0,3.35,4.92,52.38
13200,Prepare or alter presentation contents to target specific audiences.,30.93,30.89,68.99,0.35,2.8,5.88,47.74
13201,Learn about competitors' products or consumers' interests or concerns to answer questions or provide more complete information.,45.45,45.45,54.55,0.0,2.68,8.91,81.29
13205,Instruct customers in alteration of products.,48.85,50.49,52.86,0.01,2.5,1.17,25.95
13207,Recommend product or service improvements to employers.,30.31,30.31,69.69,0.01,2.82,6.92,47.16
1323,"Recommend changes to improve systems and network configurations, and determine hardware or software requirements related to such changes.",45.84,45.84,54.16,0.07,2.68,4.25,52.01
13233,Explain products or services and prices and demonstrate use of products.,18.52,18.52,81.48,0.0,2.74,2.92,20.89
13236,Answer questions about product features and benefits.,36.99,36.99,63.01,0.32,2.43,0.61,9.83
13238,Develop prospect lists.,74.29,74.29,25.71,0.01,3.24,5.49,17.02
1324,Confer with network users about solutions to existing system problems.,84.99,84.99,15.01,0.01,2.36,1.07,44.39
13255,"Promote company products, services, and savings plans when appropriate.",67.93,70.59,33.33,0.0,2.85,2.11,14.68
13257,Update directory information.,73.08,73.08,26.92,0.0,3.07,4.44,34.19
1326,Train people in computer system use.,59.36,58.31,39.92,0.02,2.64,5.69,110.75
13292,"Sort, assemble, and proof completed work.",67.21,67.21,32.79,0.0,2.27,1.95,12.94
1339,"Formulate mathematical models or other methods of computer analysis to develop, evaluate, or modify design, according to customer engineering requirements.",42.16,42.16,57.84,0.01,3.05,9.27,48.21
134,Prepare contract documents for building contractors.,53.02,53.02,46.98,0.01,3.05,4.05,19.06
1340,"Write technical reports or other documentation, such as handbooks or bulletins, for use by engineering staff, management, or customers.",59.77,59.77,40.23,0.03,3.02,8.74,43.36
1346,Maintain records of performance reports for future reference.,90.0,90.0,10.0,0.0,3.24,2.38,29.29
1348,"Design, implement, maintain, or improve electrical instruments, equipment, facilities, components, products, or systems for commercial, industrial, or domestic purposes.",42.86,42.86,57.14,0.0,2.8,5.46,64.19
1349,Operate computer-assisted engineering or design software or equipment to perform engineering tasks.,89.39,89.39,10.61,0.0,3.22,2.82,24.64
1351,"Perform detailed calculations to compute and establish manufacturing, construction, or installation standards or specifications.",37.04,37.04,62.96,0.0,2.7,5.41,59.31
1358,"Prepare technical drawings, specifications of electrical systems, or topographical maps to ensure that installation and operations conform to standards and customer requirements.",35.29,35.29,64.71,0.0,3.4,8.86,29.4
136,Integrate engineering elements into unified architectural designs.,16.67,16.67,83.33,0.0,3.0,9.9,65.57
1366,"Prepare, review, or update environmental investigation or recommendation reports.",45.93,45.93,54.07,0.0,3.11,9.76,47.09
1373,Develop proposed project objectives and targets and report to management on progress in attaining them.,30.56,30.56,69.44,0.0,3.06,9.91,60.09
13740,Confer with customers to determine the nature of problems or to explain repairs.,69.89,69.89,30.11,0.0,2.42,0.75,8.69
13743,Compute cost estimates for labor and materials.,45.3,45.3,54.7,0.01,2.93,4.13,28.11
13744,"Read and interpret electronic circuit diagrams, function block diagrams, specifications, engineering drawings, and service manuals.",44.12,44.12,55.88,0.0,2.58,3.99,24.53
1375,Advise industries or government agencies about environmental policies and standards.,42.11,42.11,57.89,0.0,2.89,7.04,41.47
1376,Inform company employees or other interested parties of environmental issues.,33.75,33.75,66.25,0.0,2.72,0.98,7.41
13765,Document inspection and test results and work performed or to be performed.,64.38,64.38,35.62,0.01,3.11,6.46,38.1
13796,"Provide repair cost estimates, and recommend whether appliance repair or replacement is a better choice.",47.12,46.63,52.33,0.0,2.43,1.79,46.06
13843,"Record transaction information on forms or logs, and notify designated personnel of discrepancies.",81.01,80.0,18.75,0.0,3.19,2.23,19.29
13883,"List parts needed, estimate costs, and plan work procedures, using parts lists, technical manuals, and diagrams.",50.0,50.0,50.0,0.0,3.08,11.42,26.54
1391,Analyze statistical data and product specifications to determine standards and establish quality and reliability objectives of finished product.,48.33,48.33,51.67,0.0,2.77,5.65,38.35
1393,"Recommend methods for improving utilization of personnel, material, and utilities.",44.56,44.56,55.44,0.01,3.0,8.81,48.03
1394,Plan and establish sequence of operations to fabricate and assemble parts or products and to promote efficient utilization.,50.98,50.98,49.02,0.0,2.86,4.29,54.31
140,"Prepare operating and maintenance manuals, studies, or reports.",60.37,60.37,39.63,0.02,3.12,10.92,47.62
1402,"Formulate sampling procedures and designs and develop forms and instructions for recording, evaluating, and reporting quality and reliability data.",34.3,34.3,65.7,0.01,3.0,8.32,45.2
14068,"Estimate the costs of requested products or services such as custom footwear or footwear repair, and receive payment from customers.",63.42,66.67,38.46,0.0,2.54,1.73,10.24
1408,"Complete production reports, purchase orders, and material, tool, and equipment lists.",42.55,42.55,57.45,0.0,3.13,6.41,29.98
1411,"Read and interpret blueprints, technical drawings, schematics, or computer-generated reports.",60.0,54.55,36.36,0.0,2.68,4.93,22.68
1412,"Confer with engineers or other personnel to implement operating procedures, resolve system malfunctions, or provide technical information.",80.0,80.0,20.0,0.0,2.62,5.58,85.0
1413,"Research and analyze customer design proposals, specifications, manuals, or other data to evaluate the feasibility, cost, or maintenance requirements of designs or applications.",26.52,26.52,73.48,0.0,2.66,5.3,44.25
14137,Key in processing instructions to program electronic equipment.,93.42,88.68,6.25,0.0,2.44,0.6,11.48
14152,"Confer with coworkers to obtain information about orders, processes, or problems.",60.0,60.0,40.0,0.0,2.21,0.41,14.0
14173,"Confer with co-workers to obtain information about orders, processes, or problems.",60.0,60.0,40.0,0.0,2.31,1.17,13.56
1418,Provide feedback to design engineers on customer problems or needs.,20.83,20.83,79.17,0.0,2.92,5.34,51.35
1421,Recommend design modifications to eliminate machine or system malfunctions.,61.05,61.05,38.95,0.01,2.7,8.62,99.65
14258,"Recommend woods, colors, finishes, and furniture styles, using knowledge of wood products, fashions, and styles.",27.83,27.83,72.17,0.01,2.64,5.0,68.36
1429,Write performance requirements for product development or engineering projects.,47.04,43.77,49.28,0.01,3.19,16.47,56.84
1430,"Apply engineering principles or practices to emerging fields, such as robotics, waste management, or biomedical engineering.",50.0,50.0,50.0,0.0,3.25,3.56,14.75
14352,"Separate materials or products according to size, weight, type, condition, color, or shade.",84.89,84.89,15.11,0.0,3.16,2.1,6.91
1449,"Review and analyze specifications, sketches, drawings, ideas, and related data to assess factors affecting component designs and the procedures and instructions to be followed.",36.45,36.45,63.55,0.01,2.67,4.65,43.47
1450,"Compute mathematical formulas to develop and design detailed specifications for components or machinery, using computer-assisted equipment.",34.16,34.16,65.84,0.01,2.87,6.79,51.04
1454,Check dimensions of materials to be used and assign numbers to the materials.,75.0,75.0,25.0,0.0,1.92,0.33,2.45
1455,"Lay out and draw schematic, orthographic, or angle views to depict functional relationships of components, assemblies, systems, and machines.",45.45,45.45,54.55,0.0,3.33,5.08,21.32
14574,Prepare reports on investigations or inspections and actions taken.,45.16,47.06,57.14,0.0,2.88,3.2,21.69
14575,Issue notices and recommend corrective actions when infractions or problems are found.,39.18,39.18,60.82,0.1,2.7,3.23,36.41
14606,Submit daily reports on facility operations.,93.56,93.75,6.45,0.0,3.48,2.39,6.19
1462,Draft detailed dimensional drawings and design layouts for projects to ensure conformance to specifications.,44.0,44.0,56.0,0.0,3.68,9.84,25.36
14623,Analyze problems to develop solutions involving computer hardware and software.,74.74,74.74,25.26,0.05,2.86,6.8,69.87
14624,Assign or schedule tasks to meet work priorities and goals.,50.0,50.0,50.0,0.0,2.88,4.39,38.7
14625,Evaluate project plans and proposals to assess feasibility issues.,35.6,35.6,64.4,0.01,2.81,4.79,31.62
14626,"Apply theoretical expertise and innovation to create or apply new technology, such as adapting principles for applying computers to new uses.",42.67,42.67,57.33,0.01,2.99,6.23,41.25
14629,"Conduct logical analyses of business, scientific, engineering, and other technical problems, formulating mathematical models of problems for solution by computers.",44.23,44.23,55.77,0.0,2.79,7.03,38.45
14630,"Develop and interpret organizational goals, policies, and procedures.",31.42,31.42,68.58,0.01,2.99,9.54,54.86
14632,"Develop performance standards, and evaluate work in light of established standards.",33.11,33.11,66.89,0.0,3.13,11.44,54.94
14637,"Direct daily operations of departments, coordinating project activities with other departments.",86.84,86.84,13.16,0.0,3.23,7.51,44.74
14638,"Design test plans, scenarios, scripts, or procedures.",53.73,53.73,46.27,0.0,3.03,6.45,31.38
14639,Test system modifications to prepare for implementation.,97.14,97.14,2.86,0.0,2.96,3.69,31.46
1464,Read and review project blueprints and structural specifications to determine dimensions of structure or system and material requirements.,44.44,44.44,55.56,0.0,3.0,9.92,37.11
14640,"Develop testing programs that address areas such as database impacts, software scenarios, regression testing, negative testing, error or bug retests, or usability.",59.09,59.09,40.91,0.0,3.22,6.73,41.23
14641,"Document software defects, using a bug tracking system, and report defects to software developers.",54.29,54.29,45.71,0.0,2.92,6.12,33.81
14642,"Identify, analyze, and document problems with program function, output, online screen, or content.",79.61,80.59,20.64,0.91,2.85,6.36,65.42
14643,Monitor bug resolution efforts and track successes.,97.85,97.06,2.13,0.0,3.35,3.88,43.53
14645,Plan test schedules or strategies in accordance with project scope or delivery dates.,50.56,50.56,49.44,0.02,2.87,3.89,36.18
14646,"Participate in product design reviews to provide input on functional requirements, product designs, schedules, or potential problems.",54.29,54.29,45.71,0.0,2.66,10.04,77.0
14648,Document test procedures to ensure replicability and compliance with standards.,70.93,70.93,29.07,0.0,2.98,11.3,48.21
14649,"Develop or specify standards, methods, or procedures to determine product quality or release readiness.",44.44,44.44,55.56,0.0,2.84,7.25,30.95
1465,Prepare reports and document project activities and data.,67.37,67.37,32.63,0.05,3.2,4.28,24.39
14651,Investigate customer problems referred by technical support.,54.29,54.29,45.71,0.0,2.57,2.16,41.22
14653,Provide feedback and recommendations to developers on software usability and functionality.,40.92,40.92,59.08,0.07,2.81,6.36,60.32
14654,Monitor program performance to ensure efficient and problem-free operations.,99.66,99.66,0.34,0.03,2.67,0.66,2.84
14656,Install and configure recreations of software production environments to allow testing of software performance.,82.26,82.26,17.74,0.0,2.67,2.97,72.44
14657,Collaborate with field staff or customers to evaluate or diagnose problems and recommend possible solutions.,64.76,65.76,35.79,0.04,2.56,3.92,61.94
14658,"Identify program deviance from standards, and suggest modifications to ensure compliance.",44.52,44.52,55.48,0.02,2.72,5.79,45.0
14661,"Perform initial debugging procedures by reviewing configuration files, logs, or code pieces to determine breakdown source.",70.44,71.08,29.83,0.01,2.67,5.27,42.96
14663,Evaluate or recommend software for testing or bug tracking.,41.67,41.67,58.33,0.0,2.81,3.29,29.46
14664,Conduct historical analyses of test results.,80.0,80.0,20.0,0.0,2.82,8.35,35.12
14666,Communicate with staff or clients to understand specific system requirements.,42.06,40.0,55.1,0.0,2.46,8.43,84.01
14667,"Provide advice on project costs, design concepts, or design changes.",24.92,25.1,75.61,0.02,2.84,6.42,52.02
14668,"Document design specifications, installation instructions, and other system-related information.",50.52,50.52,49.48,0.06,3.01,9.95,40.49
14670,Collaborate with engineers or software developers to select appropriate design solutions or ensure the compatibility of system components.,72.22,72.22,27.78,0.0,2.44,6.9,93.28
14671,"Evaluate current or emerging technologies to consider factors such as cost, portability, compatibility, or usability.",35.53,35.53,64.47,0.01,2.76,3.53,24.95
14672,Provide technical guidance or support for the development or troubleshooting of systems.,72.63,72.63,27.37,0.48,2.54,3.97,74.07
14674,Provide customers or installation teams guidelines for implementing secure systems.,50.0,50.0,50.0,0.0,2.69,6.51,59.84
14675,Monitor system operation to detect potential problems.,99.53,99.53,0.47,0.07,2.62,0.37,1.79
14677,"Investigate system component suitability for specified purposes, and make recommendations regarding component use.",33.61,33.61,66.39,0.06,2.73,3.85,36.14
14678,"Perform ongoing hardware and software maintenance operations, including installing or upgrading hardware or software.",95.45,95.45,4.55,0.01,2.72,2.58,73.81
14679,Configure servers to meet functional specifications.,87.66,87.66,12.34,0.02,2.65,3.83,89.33
14680,"Develop or approve project plans, schedules, or budgets.",48.16,49.6,53.38,0.02,2.96,4.91,38.13
14681,"Define and analyze objectives, scope, issues, or organizational impact of information systems.",17.69,17.65,82.14,0.0,2.73,8.35,62.9
14682,"Develop system engineering, software engineering, system integration, or distributed system architectures.",37.88,37.88,62.12,0.05,3.01,10.14,60.0
14685,"Evaluate existing systems to determine effectiveness, and suggest changes to meet organizational requirements.",46.77,46.77,53.23,0.08,2.9,7.51,54.51
14686,"Research, test, or verify proper functioning of software patches and fixes.",92.16,92.16,7.84,0.0,2.92,3.57,24.77
14687,"Communicate project information through presentations, technical reports, or white papers.",37.67,37.67,62.33,0.03,3.01,9.98,50.97
14688,"Complete models and simulations, using manual or automated tools, to analyze or predict system performance under different operating conditions.",46.15,46.15,53.85,0.0,3.08,11.37,58.16
14691,Perform security analyses of developed or packaged software components.,66.63,66.63,33.37,0.02,2.92,6.28,35.24
14692,Develop application-specific software.,52.21,52.08,47.67,0.06,3.15,15.44,69.16
14694,"Design, build, or maintain Web sites, using authoring or scripting languages, content creation tools, management tools, and digital media.",53.42,53.42,46.58,0.22,3.19,9.7,40.97
14695,Perform or direct Web site updates.,77.71,77.38,22.19,0.05,3.12,4.46,27.75
14700,"Evaluate code to ensure that it is valid, is properly structured, meets industry standards, and is compatible with browsers, devices, or operating systems.",66.88,62.5,30.95,0.0,3.0,6.89,20.32
14702,Analyze user needs to determine technical requirements.,43.79,44.09,56.59,0.06,2.87,8.75,49.19
14704,Develop databases that support Web applications and Web sites.,74.19,74.19,25.81,0.0,3.17,17.73,75.74
14707,Write supporting code for Web applications or Web sites.,56.97,57.33,43.31,0.51,3.18,11.15,46.02
14710,"Perform Web site tests according to planned schedules, or after any Web site or product revision.",100.0,100.0,0.0,0.0,3.59,4.21,13.13
14711,"Select programming languages, design tools, or applications.",45.45,45.45,54.55,0.01,3.09,7.69,52.27
14713,"Respond to user email inquiries, or set up automated systems to send responses.",49.73,50.0,50.55,0.07,2.5,2.62,42.88
14714,Develop or implement procedures for ongoing Web site revision.,59.81,59.81,40.19,0.02,2.91,9.2,73.21
14717,Establish appropriate server directory trees.,97.39,93.18,2.5,0.0,2.66,3.67,57.58
14719,Recommend and implement performance improvements.,61.06,61.06,38.94,0.04,2.85,5.59,59.56
1472,Respond to public suggestions and complaints.,38.46,38.46,61.54,0.0,2.27,1.68,20.86
14722,"Provide clear, detailed descriptions of Web site specifications, such as product features, activities, software, communication protocols, programming languages, and operating systems software and hardware.",47.6,47.6,52.4,0.1,2.95,9.16,59.28
14723,Monitor security system performance logs to identify problems and notify security specialists when problems occur.,95.65,95.65,4.35,0.0,2.58,0.41,1.13
14724,"Create Web models or prototypes that include physical, interface, logical, or data models.",30.7,31.11,70.21,0.0,3.32,17.78,56.27
14725,Evaluate or recommend server hardware or software.,46.12,51.35,60.0,0.0,2.61,2.71,17.45
14726,"Document test plans, testing procedures, or test results.",74.07,74.07,25.93,0.0,3.13,10.2,65.16
14727,"Research, document, rate, or select alternatives for Web architecture or technologies.",42.56,43.18,58.28,0.0,2.87,8.1,41.69
14730,Develop system interaction or sequence diagrams.,39.23,38.61,59.81,0.04,3.09,6.15,28.74
14731,Back up or modify applications and related data to provide for disaster recovery.,91.67,91.67,8.33,0.0,3.06,3.61,16.76
14732,"Determine sources of Web page or server problems, and take action to correct such problems.",92.42,92.42,7.58,0.01,3.08,4.71,56.05
14733,"Review or update Web page content or links in a timely manner, using appropriate tools.",75.99,75.99,24.01,0.06,3.06,3.89,23.43
14734,"Monitor systems for intrusions or denial of service attacks, and report security breaches to appropriate personnel.",95.24,95.24,4.76,0.0,3.33,1.45,36.24
14735,"Implement Web site security measures, such as firewalls or message encryption.",76.0,76.0,24.0,0.0,2.92,8.41,59.85
14743,"Install or configure Web server software or hardware to ensure that directory structure is well-defined, logical, and secure, and that files are named properly.",82.09,82.09,17.91,0.0,2.63,2.64,92.72
14744,"Gather, analyze, or document user feedback to locate or resolve sources of problems.",65.16,64.55,34.51,0.02,2.78,4.08,43.49
14747,Document installation or configuration procedures to allow maintenance and repetition.,84.37,84.38,15.63,0.0,3.08,3.37,44.31
14748,"Identify, standardize, and communicate levels of access and security.",52.08,52.08,47.92,0.0,2.92,4.85,24.29
14749,"Track, compile, and analyze Web site usage data.",72.16,72.16,27.84,0.0,3.04,5.43,34.4
14750,"Test issues such as system integration, performance, and system security on a regular schedule or after any major program modifications.",100.0,98.18,0.0,0.0,3.05,1.25,7.92
14752,"Inform Web site users of problems, problem resolutions, or application changes and updates.",55.68,57.5,45.76,0.0,2.69,0.76,9.98
14753,Document application and Web site changes or change procedures.,83.1,83.1,16.9,0.0,2.92,3.09,30.01
14755,Provide training or technical assistance in Web site implementation or use.,64.53,64.53,35.47,0.04,2.59,4.6,72.37
14758,"Correct testing-identified problems, or recommend actions for their resolution.",74.8,74.8,25.2,0.05,2.7,7.92,87.13
14759,Develop or document style guidelines for Web site content.,37.69,37.69,62.31,0.02,2.94,8.33,54.67
14761,Check and analyze operating system or application log files regularly to verify proper system performance.,88.75,88.75,11.25,0.02,2.84,3.91,49.62
14763,Develop testing routines and procedures.,55.79,55.79,44.21,0.0,3.08,6.9,41.1
1482,"Analyze test results in relation to design or rated specifications and test objectives, and modify or adjust equipment to meet specifications.",58.24,58.24,41.76,0.0,2.7,5.13,42.07
14821,Maintain treatment records.,70.32,82.93,35.0,0.0,2.61,5.51,58.75
1485,Calculate required capacities for equipment of proposed system to obtain specified performance and submit data to engineering personnel for approval.,42.11,42.11,57.89,0.0,3.21,7.22,31.47
14851,"Write reports of findings and recommendations and advise farmers, growers, or processors of corrective action to be taken.",54.26,54.35,45.81,0.01,2.67,3.75,31.22
1494,Analyze characteristics of animals to identify and classify them.,63.67,63.67,36.33,0.01,2.54,0.54,8.76
1505,"Analyze organic or inorganic compounds to determine chemical or physical properties, composition, structure, relationships, or reactions, using chromatography, spectroscopy, or spectrophotometry techniques.",42.86,42.86,57.14,0.0,2.75,1.64,13.85
1507,Compile and analyze test information to determine process or equipment operating efficiency or to diagnose malfunctions.,72.08,72.08,27.92,0.06,2.81,7.01,70.81
151,"Estimate quantities and cost of materials, equipment, or labor to determine project feasibility.",38.64,38.64,61.36,0.0,2.66,3.85,18.67
1511,"Write technical papers or reports or prepare standards and specifications for processes, facilities, products, or tests.",49.65,49.65,50.35,0.0,3.21,15.89,40.71
15198,Provide users with technical support for computer problems.,59.69,59.69,40.31,0.3,2.4,1.07,27.53
15205,"Diagnose, troubleshoot, and resolve hardware, software, or other network and system problems, and replace defective components when necessary.",96.71,95.7,3.26,0.05,2.66,3.88,101.47
15207,"Research new technologies by attending seminars, reading trade articles, or taking classes, and implement or recommend the implementation of new technologies.",50.0,50.0,50.0,0.0,3.0,6.36,21.88
15220,"Provide scientific or technical guidance, support, coordination, or oversight to governmental agencies, environmental programs, industry, or the public.",26.83,26.83,73.17,0.0,2.71,1.93,11.38
15228,"Maintain archive of images, photos, or previous work products.",93.75,93.75,6.25,0.0,3.2,2.65,23.57
15229,Research new software or design concepts.,41.16,41.16,58.84,0.03,2.84,6.04,31.71
15234,"Perform general administrative tasks, such as scheduling appointments or ordering supplies or equipment.",91.43,91.43,8.57,0.0,2.84,0.68,17.03
1524,"Develop the technical portions of legal documents, administrative orders, or consent decrees.",43.89,43.89,56.11,0.01,2.83,6.6,41.14
15261,"Use nondisciplinary tools and equipment, such as a computer.",97.53,97.53,2.47,0.18,2.61,0.68,5.12
15267,Analyze and understand the local and national implications of proposed legislation.,31.58,31.58,68.42,0.0,2.81,4.37,21.7
15269,Confer with colleagues to formulate positions and strategies pertaining to pending issues.,56.67,56.67,43.33,0.0,2.47,3.42,58.45
15288,"Determine campaign strategies for media advertising, positions on issues, and public appearances.",28.0,28.0,72.0,0.0,3.04,12.0,86.51
15291,"Evaluate the structure, efficiency, activities, and performance of government agencies.",56.0,56.0,44.0,0.0,3.06,6.17,54.48
1535,Monitor product quality to ensure compliance with standards and specifications.,58.1,52.0,37.5,0.0,2.73,4.83,42.47
1538,Compile and interpret results of tests and analyses.,48.18,48.18,51.82,0.24,2.6,3.9,39.88
15382,Monitor and evaluate effectiveness of sustainability programs.,34.1,30.43,58.82,0.0,2.74,7.1,26.72
15409,Evaluate new testing and sampling methodologies or technologies to determine usefulness.,31.95,26.09,55.56,0.0,2.83,2.19,16.28
15414,Review quality documentation necessary for regulatory submissions and inspections.,44.04,44.04,55.96,0.01,2.85,7.67,39.56
15415,Review and update standard operating procedures or quality assurance manuals.,52.34,52.34,47.66,0.0,3.03,5.51,39.96
15417,Participate in the development of product specifications.,35.25,34.94,64.18,0.17,3.0,13.29,72.43
15419,"Instruct vendors or contractors on quality guidelines, testing procedures, or ways to eliminate deficiencies.",33.93,33.93,66.07,0.0,2.62,3.73,58.09
1542,Write technical reports or prepare graphs or charts to document experimental results.,47.66,50.25,55.19,0.01,3.26,12.04,53.32
15420,Identify quality problems or areas for improvement and recommend solutions.,46.83,46.83,53.17,0.19,2.87,6.57,51.78
15430,Monitor performance of quality control systems to ensure effectiveness and efficiency.,99.28,99.28,0.72,0.0,2.72,0.31,0.76
15466,Compile and record operational data on forms or in log books.,79.95,79.95,20.05,0.13,2.87,2.87,19.4
1549,"Record test data and prepare reports, summaries, or charts that interpret test results.",54.55,54.55,45.45,0.0,3.23,8.65,37.9
1552,"Provide information or technical or program assistance to government representatives, employers, or the general public on the issues of public health, environmental protection, or workplace safety.",44.44,44.44,55.56,0.0,2.68,3.92,33.42
15545,Provide individual support or counseling in general wellness or nutrition.,46.82,46.82,53.18,0.2,2.54,2.99,53.92
15547,Develop marketing campaigns to promote a healthy lifestyle or participation in fitness or wellness programs.,31.33,31.33,68.67,0.01,2.91,10.67,72.12
15548,"Conduct needs assessments or surveys to determine interest in, or satisfaction with, wellness and fitness programs, events, or services.",60.94,60.94,39.06,0.0,2.91,2.44,16.09
15552,"Recommend or approve new program or service offerings to promote wellness and fitness, produce revenues, or minimize costs.",34.38,34.38,65.63,0.0,2.99,7.62,49.31
15558,"Maintain wellness- and fitness-related schedules, records, or reports.",53.04,53.04,46.96,0.0,2.84,1.95,22.83
15588,Interpret protocols and advise treating physicians on appropriate dosage modifications or treatment calculations based on patient characteristics.,43.75,43.75,56.25,0.0,2.44,1.97,33.38
15589,Develop advertising and other informational materials to be used in subject recruitment.,36.24,36.24,63.76,0.01,2.78,4.32,34.99
15595,"Prepare study-related documentation, such as protocol worksheets, procedural manuals, adverse event reports, institutional review board documents, or progress reports.",33.33,33.33,66.67,0.0,3.07,5.2,62.2
1560,Discuss test results and analyses with customers.,58.97,68.75,47.83,0.0,2.46,3.28,97.16
15603,"Identify protocol problems, inform investigators of problems, or assist in problem resolution efforts, such as protocol revisions.",37.23,34.48,58.14,0.0,2.67,5.16,46.8
15604,"Dispense medical devices or drugs, and calculate dosages and provide instructions as necessary.",73.57,73.57,26.43,0.01,1.99,0.46,7.02
15609,"Code, evaluate, or interpret collected study data.",40.43,40.43,59.57,0.03,2.63,7.37,65.7
1562,Perform statistical analysis of environmental data.,56.41,56.41,43.59,0.0,2.86,9.88,57.0
15636,Verify that software technology is in place to adequately provide oversight and monitoring in all required areas.,78.79,78.79,21.21,0.0,2.74,9.66,69.38
15642,Advise internal management or business partners on the implementation or operation of compliance programs.,34.18,34.23,65.93,0.02,2.63,7.11,54.54
15649,Monitor compliance systems to ensure their effectiveness.,94.74,94.74,5.26,0.0,3.05,0.7,1.64
15661,Verify regulatory compliance of transaction reporting.,59.7,59.7,40.3,0.0,2.9,6.03,23.4
15667,"Perform or evaluate research, such as detailed company or industry analyses, to inform financial forecasting, decision making, or valuation.",64.29,64.29,35.71,0.0,2.69,11.66,58.86
15668,"Present investment information, such as product risks, fees, or fund performance statistics.",28.87,28.87,71.13,0.01,2.72,10.41,66.06
15673,Develop or direct development of offering documents or marketing materials.,28.59,28.59,71.41,0.09,3.06,10.27,56.92
15674,"Evaluate the potential of new product developments or market opportunities, according to factors such as business plans, technologies, or market potential.",49.82,49.82,50.18,0.03,2.87,10.02,44.21
15696,"Analyze inventories to determine how to increase inventory turns, reduce waste, or optimize customer service.",51.28,51.28,48.72,0.0,2.99,7.9,51.61
15697,Analyze information about supplier performance or procurement program success.,56.41,56.41,43.59,0.0,2.96,8.31,38.94
15703,"Upload digital media, such as photos, video, or scanned images to online storefront, auction sites, or other shopping Web sites.",80.49,80.49,19.51,0.0,3.48,5.45,36.73
15706,Integrate online retailing strategy with physical or catalogue retailing operations.,41.2,41.2,58.8,0.01,2.96,6.11,42.47
15707,Determine and set product prices.,32.5,32.5,67.5,0.0,2.58,3.21,29.67
15711,Create or maintain database of customer accounts.,83.94,84.59,16.19,0.02,3.08,3.69,21.32
15712,"Create or distribute offline promotional material, such as brochures, pamphlets, business cards, stationary, or signage.",33.82,33.82,66.18,0.11,3.2,7.02,33.96
15717,"Promote products in online communities through weblog or discussion-forum postings, e-mail marketing programs, or online advertising.",93.64,93.64,6.36,0.0,3.21,2.06,19.58
15720,"Investigate sources, such as auctions, estate sales, liquidators, wholesalers, or trade shows for new items, used items, or collectibles.",84.37,84.38,15.63,0.0,2.63,2.09,28.68
15721,"Investigate products or markets to determine areas for opportunity or viability for merchandising specific products, using online or offline sources.",38.54,38.54,61.46,0.0,3.11,7.3,27.88
15724,"Devise, select, or purchase domain name and web address.",22.59,22.52,77.19,0.02,2.78,6.75,60.11
15725,"Develop or revise business plans for online business, emphasizing factors such as product line, pricing, inventory, or marketing strategy.",38.46,38.46,61.54,0.08,3.09,13.21,63.83
15726,Determine location for product listings to maximize exposure to online traffic.,42.97,39.47,52.38,0.0,2.67,8.3,69.36
15727,"Design customer interface of online storefront, using web programming or e-commerce software.",38.15,38.46,62.36,0.01,3.09,12.84,74.0
15728,"Correspond with online customers via electronic mail, telephone, or other electronic messaging to address questions or complaints about products, policies, or shipping methods.",54.69,54.69,45.31,0.01,2.4,1.77,28.55
15729,"Compose images of products, using video or still cameras, lighting equipment, props, or photo or video editing software.",45.95,45.95,54.05,0.0,2.74,3.71,30.27
15730,"Calculate purchase subtotals, taxes, and shipping costs for submission to customers.",53.76,53.76,46.24,0.0,2.26,1.14,10.72
15732,"Prepare or organize online storefront marketing material, including product descriptions or subject lines, optimizing content to search engine criteria.",44.4,44.4,55.6,0.19,2.7,6.36,48.71
15734,"Compose descriptions of merchandise for posting to online storefront, auction sites, or other shopping Web sites.",45.15,45.15,54.85,0.09,2.69,5.64,50.87
15735,"Calculate revenue, sales, and expenses, using financial accounting or spreadsheet software.",36.16,36.16,63.84,0.01,2.58,3.49,34.47
15781,Review loss prevention exception reports and cash discrepancies to ensure adherence to guidelines.,68.75,68.75,31.25,0.0,3.06,3.0,15.19
15784,Monitor and review paperwork procedures and systems to prevent error-related shortages.,100.0,100.0,0.0,0.0,2.33,0.23,0.83
15804,"Advise retail managers on compliance with applicable codes, laws, regulations, or standards.",42.86,42.86,57.14,0.0,2.63,3.31,26.75
15806,Identify potential for loss and develop strategies to eliminate it.,42.19,42.19,57.81,0.01,2.71,5.39,40.69
15831,"Review civil design, engineering, or construction technical documentation to ensure compliance with applicable government or industrial codes, standards, requirements, or regulations.",47.77,47.77,52.23,0.01,2.96,6.97,30.23
15837,"Prepare or assist in the preparation of applications for environmental, building, or other required permits.",55.79,55.79,44.21,0.01,2.85,3.03,26.07
15861,Propose logistics solutions for customers.,37.01,37.01,62.99,0.01,2.64,4.8,57.08
15866,"Develop specifications for equipment, tools, facility layouts, or material-handling systems.",39.74,39.68,60.18,0.01,3.08,13.16,61.44
15868,Prepare or validate documentation on automated logistics or maintenance-data reporting or management information systems.,97.45,97.22,2.54,0.0,3.13,1.2,2.35
15870,Identify or develop business rules or standard operating procedures to streamline operating processes.,45.45,45.45,54.55,0.0,2.67,4.29,25.63
15872,"Develop or maintain cost estimates, forecasts, or cost models.",50.39,50.39,49.61,0.01,2.77,3.06,27.89
15875,"Conduct logistics studies or analyses, such as time studies, zero-base analyses, rate analyses, network analyses, flow-path analyses, or supply chain analyses.",47.94,38.1,41.38,0.0,2.93,8.95,32.03
15876,"Analyze or interpret logistics data involving customer service, forecasting, procurement, manufacturing, inventory, transportation, or warehousing.",50.0,40.0,40.0,0.0,2.75,4.39,28.72
15877,"Provide logistics technology or information for effective and efficient support of product, equipment, or system manufacturing or service.",25.64,25.64,74.36,0.0,2.6,1.5,9.79
15882,"Monitor industry standards, trends, or practices to identify developments in logistics planning or execution.",53.12,53.13,46.88,0.0,2.88,4.66,18.06
15883,Enter logistics-related data into databases.,87.28,87.28,12.72,0.01,3.11,2.46,24.49
15888,Contact carriers for rates or schedules.,78.89,78.89,21.11,0.0,2.47,0.71,4.04
15889,"Communicate with or monitor service providers, such as ocean carriers, air freight forwarders, global consolidators, customs brokers, or trucking companies.",100.0,100.0,0.0,0.0,2.76,0.47,2.44
15892,"Review procedures, such as distribution or inventory management, to ensure maximum efficiency or minimum cost.",99.03,99.42,0.97,0.0,2.52,0.36,1.14
15893,Recommend improvements to existing or planned logistics processes.,42.68,42.68,57.32,0.0,2.61,5.51,38.2
15895,Prepare reports on logistics performance measures.,75.93,75.93,24.07,0.0,2.98,4.87,25.62
15898,Maintain databases of logistics information.,90.79,89.01,9.03,0.0,2.84,1.97,20.86
15899,Maintain logistics records in accordance with corporate policies.,90.48,90.48,9.52,0.0,2.86,2.8,10.14
15902,"Compute reporting metrics, such as on-time delivery rates, order fulfillment rates, or inventory turns.",58.72,58.72,41.28,0.01,2.37,1.14,12.17
15904,"Apply analytic methods or tools to understand, predict, or control logistics operations or processes.",46.43,46.43,53.57,0.0,2.89,5.6,18.13
1592,"Encourage clients to express their feelings and discuss what is happening in their lives, helping them to develop insight into themselves or their relationships.",36.32,36.4,63.81,0.34,2.95,4.67,127.58
15925,"Provide advice on transportation options, types of carriers, or shipping routes.",37.89,37.89,62.11,0.01,2.59,4.77,55.98
1593,Guide clients in the development of skills or strategies for dealing with their problems.,36.91,36.91,63.09,0.01,2.84,2.63,43.07
15931,Suggest best methods of packaging or labeling products.,29.78,29.78,70.22,0.0,2.72,10.56,82.67
1594,Prepare and maintain all required treatment records and reports.,41.18,41.18,58.82,0.0,2.65,4.76,39.88
15944,"Advise customers on import and export restrictions, tariff systems, insurance requirements, quotas, or other customs-related matters.",41.56,41.56,58.44,0.01,2.53,2.86,25.95
15947,"Write reports to summarize testing activities, including descriptions of goals, planning, scheduling, execution, results, analysis, conclusions, and recommendations.",62.5,62.5,37.5,0.0,3.16,7.42,24.53
15948,Maintain and update organization information technology applications and network systems blueprints.,73.47,73.47,26.53,0.0,2.83,3.09,36.96
15949,Interpret government regulations and applicable codes to ensure compliance.,36.69,34.65,59.78,0.01,2.62,5.15,31.76
15954,Create or administer training and awareness presentations or materials.,50.33,50.33,49.67,0.03,3.27,9.68,34.03
15958,"Recommend or implement methods to monitor, evaluate, or enable resolution of safety, operations, or compliance interruptions.",25.71,25.71,74.29,0.0,2.5,3.43,35.09
15959,"Prepare reports summarizing operational results, financial performance, or accomplishments of specified objectives, goals, or plans.",76.95,76.95,23.05,0.06,3.28,3.46,17.17
1596,"Collect information about clients through interviews, observation, or tests.",58.44,58.44,41.56,0.03,2.73,2.63,37.25
15967,"Analyze corporate intelligence data to identify trends, patterns, or warnings indicating threats to security of people, assets, information, or infrastructure.",60.0,60.0,40.0,0.0,2.87,10.83,31.93
15973,Provide technical or administrative support for sustainability programs or issues.,21.21,21.21,78.79,0.0,2.8,6.43,47.43
15977,"Create marketing or outreach media, such as brochures or Web sites, to communicate sustainability issues, procedures, or objectives.",38.1,38.1,61.9,0.01,3.04,6.62,37.02
15979,"Assess or propose sustainability initiatives, considering factors such as cost effectiveness, technical feasibility, and acceptance.",77.78,77.78,22.22,0.0,3.0,3.25,9.11
1598,Develop and implement treatment plans based on clinical experience and knowledge.,45.24,46.8,56.65,0.01,3.13,6.94,45.51
15982,Prepare requirements documentation for use by software developers.,49.55,48.45,49.33,0.08,3.04,13.48,69.52
15983,Provide application or analytical support to researchers or traders on issues such as valuations or data.,21.88,21.71,77.51,0.08,2.5,5.17,61.31
15988,Produce written summary reports of financial research results.,39.74,39.74,60.26,0.0,3.28,13.32,54.3
15989,Interpret results of financial analysis procedures.,33.82,33.82,66.18,0.01,2.71,11.03,55.73
15991,Define or recommend model specifications or data collection methods.,20.85,20.85,79.15,0.03,2.64,7.33,75.39
15997,"Apply mathematical or statistical techniques to address practical issues in finance, such as derivative valuation, securities trading, risk management, or financial market regulation.",45.83,45.83,54.17,0.0,2.82,4.63,16.69
1600,"Evaluate clients' physical or mental condition, based on review of client information.",40.93,40.93,59.07,0.01,2.67,1.0,15.26
1602,"Refer patients, clients, or family members to community resources or to specialists as necessary.",58.82,58.82,41.18,0.0,3.17,1.77,36.63
1604,Evaluate the effectiveness of counseling programs on clients' progress in resolving identified problems and moving towards defined objectives.,6.67,6.67,93.33,0.0,2.8,3.42,34.2
16044,Advise businesses or agencies on ways to improve fraud detection.,29.16,23.33,56.67,0.0,2.67,8.64,45.45
16046,Prepare written reports of investigation findings.,40.52,40.52,59.48,0.01,2.81,6.7,72.36
16047,Recommend actions in fraud cases.,52.19,51.99,47.63,0.01,2.68,4.14,59.51
16051,Gather financial documents related to investigations.,68.75,68.75,31.25,0.0,2.65,3.07,24.12
16052,Evaluate business operations to identify risk areas for fraud.,48.03,47.46,51.35,0.0,2.97,6.25,28.19
16059,Estimate costs for system or component implementation and operation.,28.07,28.07,71.93,0.0,2.84,4.91,38.98
1606,Modify treatment activities or approaches as needed to comply with changes in clients' status.,31.25,31.25,68.75,0.0,3.03,6.15,53.07
16064,Provide user support by diagnosing network and device problems and implementing technical or procedural solutions.,88.69,88.69,11.31,0.08,2.43,1.78,60.35
16069,"Monitor and analyze system performance, such as network traffic, security, and capacity.",73.4,73.21,26.53,0.0,2.93,2.0,25.32
16070,Manage user access to systems and equipment through account management and password administration.,87.01,87.01,12.99,0.0,2.56,1.88,39.78
16074,"Implement or perform preventive maintenance, backup, or recovery procedures.",98.21,96.1,1.75,0.0,2.55,1.05,24.45
16075,"Implement controls to provide security for operating systems, software, and data.",80.0,80.0,20.0,0.0,2.79,4.08,46.55
16076,"Document user support activity, such as system problems, corrective actions, resolution status, and completed equipment installations.",84.29,84.29,15.71,0.0,3.01,2.55,41.41
16077,Document technical specifications and operating standards for telecommunications equipment.,48.84,48.84,51.16,0.0,3.02,10.5,35.05
16099,Provide technical support to junior staff or clients.,56.38,56.38,43.62,0.04,2.44,3.51,83.22
16101,"Identify, evaluate and recommend hardware or software technologies to achieve desired database performance.",25.0,25.0,75.0,0.0,2.69,1.92,17.19
16104,Identify and correct deviations from database development standards.,68.18,68.18,31.82,0.0,2.73,2.98,53.36
16105,"Document and communicate database schemas, using accepted notations.",67.72,67.72,32.28,0.0,3.13,13.56,77.88
16106,"Develop or maintain archived procedures, procedural codes, or queries for applications.",50.62,50.62,49.38,0.0,3.11,5.39,39.51
16108,"Develop data models for applications, metadata tables, views or related database structures.",43.59,43.59,56.41,0.0,3.09,12.9,73.49
16109,"Design databases to support business applications, ensuring system scalability, security, performance, and reliability.",58.62,58.62,41.38,0.01,3.15,13.49,70.04
16110,"Design database applications, such as interfaces, data transfer mechanisms, global temporary tables, data partitions, and function-based indexes to enable efficient access of the generic database structure.",34.32,36.07,69.02,0.01,2.82,7.16,58.72
16115,Develop and document database architectures.,51.32,51.32,48.68,0.02,3.14,11.68,66.13
16116,Test software systems or applications for software enhancements or new products.,90.44,90.44,9.56,0.01,3.21,4.79,36.68
16118,Provide or coordinate troubleshooting support for data warehouses.,77.52,77.52,22.48,0.01,2.45,3.84,69.36
16120,"Write new programs or modify existing programs to meet customer requirements, using current programming languages and technologies.",61.28,61.28,38.72,1.47,3.1,8.68,41.73
16121,"Verify the structure, accuracy, or quality of warehouse data.",62.75,62.75,37.25,0.0,2.82,7.18,53.02
16123,"Perform system analysis, data analysis or programming, using a variety of computer languages and procedures.",62.26,62.26,37.74,0.09,2.89,10.39,77.46
16124,"Map data between source systems, data warehouses, and data marts.",53.57,53.57,46.43,0.0,3.04,8.99,47.75
16125,"Implement business rules via stored procedures, middleware, or other technologies.",61.98,61.98,38.02,0.01,3.12,8.67,66.99
16128,Design and implement warehouse database structures.,45.9,62.5,73.68,0.0,3.25,10.64,58.16
16129,"Create supporting documentation, such as metadata and diagrams of entity relationships, business processes, and process flow.",46.6,46.6,53.4,0.07,3.12,6.62,27.4
16134,"Provide technical support for existing reports, dashboards, or other tools.",63.47,63.47,36.53,0.06,2.53,3.73,51.17
16135,"Maintain library of model documents, templates, or other reusable knowledge assets.",47.91,47.83,52.0,0.0,3.04,13.32,80.0
16136,"Identify or monitor current and potential customers, using business intelligence tools.",66.49,67.38,33.96,0.01,3.14,8.92,26.22
16137,Create or review technical design documentation to ensure the accurate development of reporting solutions.,51.11,51.11,48.89,0.01,3.04,10.01,41.26
16139,"Maintain or update business intelligence tools, databases, dashboards, systems, or methods.",88.63,88.63,11.37,0.15,3.07,2.75,13.96
16141,Identify and analyze industry or geographic trends with business strategy implications.,37.13,35.55,60.19,0.01,2.93,11.0,66.45
16144,"Create business intelligence tools or systems, including design of related databases, spreadsheets, or outputs.",50.96,50.96,49.04,0.02,3.36,8.24,32.84
16146,"Collect business intelligence data from available industry reports, public information, field reports, or purchased sources.",59.89,59.2,39.65,0.02,2.94,9.97,38.25
16148,"Analyze competitive market strategies through analysis of related product, market, or share trends.",47.88,47.88,52.12,0.02,2.95,9.35,48.83
16149,Synthesize current business intelligence or trend data to support recommendations for action.,49.9,49.9,50.1,0.06,2.89,7.88,49.37
16150,"Generate standard or custom reports summarizing business, financial, or economic data for review by executives, managers, clients, and other stakeholders.",60.82,60.82,39.18,0.18,3.24,7.58,27.83
16151,Perform risk assessments to develop response strategies.,39.1,39.1,60.9,0.0,2.76,4.84,30.4
16154,Confer with project personnel to identify and resolve problems.,95.0,95.0,5.0,0.0,2.55,8.24,42.12
16157,Monitor or track project milestones and deliverables.,100.0,100.0,0.0,0.0,3.0,0.77,2.55
16159,"Initiate, review, or approve modifications to project plans.",39.82,39.82,60.18,0.02,2.88,5.95,55.75
16168,"Prepare project status reports by collecting, analyzing, and summarizing information and trends.",67.07,67.07,32.93,0.02,3.11,5.82,28.13
16170,"Develop or update project plans for information technology projects including information such as project objectives, technologies, systems, information specifications, schedules, funding, and staffing.",69.17,64.73,28.85,0.03,3.04,6.56,42.99
16171,Develop and manage work breakdown structure (WBS) of information technology projects.,57.98,57.98,42.02,0.01,3.08,7.85,43.94
16174,Implement online customer service processes to ensure positive and consistent user experiences.,64.88,64.88,35.12,0.08,2.48,1.26,19.53
16180,Assist in the development of online transaction or security policies.,65.71,65.71,34.29,0.0,2.89,4.87,35.29
16181,"Prepare electronic commerce designs or prototypes, such as storyboards, mock-ups, or other content, using graphics design software.",45.59,45.59,54.41,0.02,3.21,9.06,41.42
16183,"Identify and develop commercial or technical specifications, such as usability, pricing, checkout, or data security, to promote transactional internet-enabled commerce functionality.",40.49,40.42,59.41,0.02,2.94,11.51,70.72
16184,"Develop transactional Web applications, using Web programming software and knowledge of programming languages, such as hypertext markup language (HTML) and extensible markup language (XML).",52.56,52.56,47.44,0.17,3.25,14.57,42.76
16186,"Conduct market research analysis to identify search query trends, real-time search and news media activity, popular social media topics, electronic commerce trends, market opportunities, or competitor performance.",58.27,58.84,42.13,0.02,3.0,8.67,43.1
16190,Optimize Web site exposure by analyzing search engine patterns to direct online placement of keywords or other content.,64.34,63.52,35.2,0.01,2.88,5.68,35.03
16192,"Collect and analyze Web metrics, such as visits, time on site, page views per visit, transaction volume and revenue, traffic mix, click-through rates, conversion rates, cost per acquisition, or cost per click.",65.87,62.22,32.24,0.01,2.87,3.99,38.7
16201,"Solicit, obtain, and integrate feedback from design and technical staff into original game design.",22.22,22.22,77.78,0.0,2.5,6.63,115.0
16203,Prepare two-dimensional concept layouts or three-dimensional mock-ups.,45.26,45.26,54.74,0.16,3.24,6.12,27.49
16207,Guide design discussions between development teams.,86.67,86.67,13.33,0.0,2.75,5.23,43.0
16208,"Devise missions, challenges, or puzzles to be encountered in game play.",41.67,41.67,58.33,0.0,3.16,8.07,44.34
16209,"Develop and maintain design level documentation, including mechanics, guidelines, and mission outlines.",44.24,44.24,55.76,0.03,3.02,10.63,68.4
16210,"Determine supplementary virtual features, such as currency, item catalog, menu design, and audio direction.",50.31,50.31,49.69,0.0,3.22,12.28,49.21
16216,"Document all aspects of formal game design, using mock-up screenshots, sample menu layouts, gameplay flowcharts, and other graphical devices.",40.0,40.0,60.0,0.0,3.03,18.04,79.73
16217,"Create core game features, including storylines, role-play mechanics, and character biographies for a new video game or game franchise.",45.4,42.9,51.6,0.01,3.15,7.42,59.15
16221,"Search electronic sources, such as databases or repositories, or manual sources for information.",67.16,67.16,32.84,4.95,2.75,2.03,13.08
16222,"Retrieve electronic assets from repository for distribution to users, collecting and returning to repository, if necessary.",82.32,82.32,17.68,0.06,2.5,1.36,5.95
16223,Propose recommendations for improving content management system capabilities.,43.68,43.68,56.32,0.0,2.74,6.16,54.32
16228,Document technical functions and specifications for new or proposed content management systems.,45.53,51.38,61.48,0.0,2.86,8.37,53.27
16229,"Develop, document, or maintain standards, best practices, or system usage procedures.",61.76,59.33,36.73,0.02,2.99,4.66,32.9
16230,Consult with end users regarding problems in accessing electronic content.,78.82,78.82,21.18,0.03,2.47,0.9,15.82
16232,"Assist in the development of document or content classification taxonomies to facilitate information capture, search, and retrieval.",43.33,43.33,56.67,0.0,3.1,11.53,41.83
16234,"Assist in determining document management policies to facilitate efficient, legal, and secure access to electronic content.",48.15,48.15,51.85,0.0,2.71,7.29,35.22
16235,"Analyze, interpret, or disseminate system performance data.",80.58,80.58,19.42,0.02,2.87,4.92,49.36
16238,"Implement electronic document processing, retrieval, and distribution systems in collaboration with other information technology specialists.",82.35,82.35,17.65,0.0,3.33,8.01,41.89
16239,"Identify and classify documents or other electronic content according to characteristics such as security level, function, and metadata.",89.44,89.44,10.56,0.0,3.06,3.63,15.01
16240,"Develop or configure document management system features, such as user interfaces, access profiles, and document workflow procedures.",46.15,46.15,53.85,0.0,2.97,8.07,40.79
16241,Write research proposals or grant applications for submission to external bodies.,27.59,27.59,72.41,0.0,2.81,13.82,74.26
16249,Write program code to analyze data with statistical analysis software.,55.5,55.5,44.5,0.06,2.74,7.57,74.76
16250,Write detailed analysis plans and descriptions of analyses and findings for research protocols or reports.,41.03,41.03,58.97,0.01,2.75,9.24,50.71
16251,Plan or direct research studies related to life sciences.,23.08,23.08,76.92,0.0,2.89,12.43,66.14
16252,Prepare tables and graphs to present clinical data or results.,37.92,37.92,62.08,0.02,3.19,7.17,28.73
16254,"Draw conclusions or make predictions, based on data summaries or statistical analyses.",50.43,50.43,49.57,0.04,2.77,5.72,44.22
16256,Design surveys to assess health issues.,33.12,29.41,59.38,0.0,3.06,11.5,56.5
16257,Develop or implement data analysis algorithms.,52.22,52.22,47.78,0.01,3.21,16.52,73.14
16258,"Design research studies in collaboration with physicians, life scientists, or other professionals.",21.31,21.31,78.69,0.0,2.71,13.51,76.68
16260,Collect data through surveys or experimentation.,67.65,67.65,32.35,0.0,2.79,1.28,16.14
16261,"Analyze archival data, such as birth, death, and disease records.",59.09,59.09,40.91,0.0,2.59,3.86,19.24
16262,Review clinical or other medical research protocols and recommend appropriate statistical analyses.,26.67,26.67,73.33,0.0,2.69,9.7,104.0
16263,Provide biostatistical consultation to clients or colleagues.,35.71,35.71,64.29,0.0,2.43,2.96,35.96
16265,"Analyze clinical or survey data, using statistical approaches such as longitudinal analysis, mixed-effect modeling, logistic regression analyses, and model-building techniques.",46.43,46.67,53.85,0.0,2.74,8.29,71.83
16268,Prepare appropriate formatting to data sets as requested.,58.24,58.24,41.76,0.06,2.99,5.28,25.02
16269,"Evaluate processes and technologies, and suggest revisions to increase productivity and efficiency.",38.69,38.69,61.31,0.04,2.86,5.85,49.47
16270,Develop technical specifications for data management programming and communicate needs to information technology staff.,66.67,66.67,33.33,0.0,2.6,8.02,82.29
16273,"Write work instruction manuals, data capture guidelines, or standard operating procedures.",63.11,63.11,36.89,0.01,3.07,6.68,31.88
16275,Train staff on technical procedures or software program usage.,55.7,55.7,44.3,0.0,2.63,5.04,110.98
16277,"Prepare data analysis listings and activity, performance, or progress reports.",62.37,62.37,37.63,0.07,3.27,7.23,31.2
16278,"Perform quality control audits to ensure accuracy, completeness, or proper usage of clinical systems and data.",63.16,63.16,36.84,0.0,3.15,11.29,44.4
16280,"Generate data queries, based on validation checks or errors and omissions identified during data entry, to resolve identified problems.",78.9,78.9,21.1,0.01,2.79,4.81,54.01
16283,Analyze clinical data using appropriate statistical tools.,49.21,49.21,50.79,0.01,2.8,6.55,44.92
16285,"Develop project-specific data management plans that address areas such as coding, reporting, or transfer of data, database locks, and work flow processes.",38.16,38.16,61.84,0.0,2.86,6.34,46.79
16286,"Design forms for receiving, processing, or tracking data.",42.11,42.11,57.89,0.0,2.87,6.65,51.15
16287,"Review existing standards, controls, or equipment used, recommending changes or upgrades as needed.",37.72,37.72,62.28,0.01,2.91,6.86,40.97
16292,Verify the mathematical correctness of newly collected survey data.,63.53,63.53,36.47,0.03,1.97,0.64,6.69
16294,Prepare progress or technical reports.,78.68,78.68,21.32,0.02,3.1,2.86,18.33
16305,"Prepare administrative, technical, or statistical reports on traffic-operation matters, such as accidents, safety measures, or pedestrian volume or practices.",57.93,67.16,48.78,0.0,2.96,6.59,24.44
16308,Develop or assist in the development of transportation-related computer software or computer processes.,63.77,62.83,35.7,0.01,3.05,13.61,76.68
16309,"Prepare project budgets, schedules, or specifications for labor or materials.",30.51,30.51,69.49,0.0,2.99,11.48,56.33
1631,Participate in decisions about whether cases should go before courts and which court should hear them.,57.69,57.69,42.31,0.0,2.71,3.21,37.63
16318,Estimate transportation project costs.,50.0,50.0,50.0,0.0,2.71,1.95,18.85
16320,"Check construction plans, design calculations, or cost estimations to ensure completeness, accuracy, or conformity to engineering standards or practices.",33.73,33.73,66.27,0.01,2.85,7.53,34.95
16324,Write technical reports or publications related to water resources development or water use efficiency.,44.9,44.9,55.1,0.0,3.21,12.82,46.76
16325,"Review and critique proposals, plans, or designs related to water or wastewater treatment systems.",42.11,42.11,57.89,0.0,2.79,6.99,34.58
16339,"Conduct cost-benefit analyses for the construction of water supply systems, runoff collection networks, water and wastewater treatment plants, or wastewater collection systems.",32.14,32.14,67.86,0.0,2.93,11.38,46.79
16343,"Analyze and recommend chemical, biological, or other wastewater treatment methods to prepare water for industrial or domestic use.",20.0,20.0,80.0,0.0,2.77,13.52,70.64
16354,Perform systems analysis or programming of radio frequency identification device (RFID) technology.,46.43,46.43,53.57,0.0,2.89,8.39,72.08
1636,"Gather and analyze research data, such as statutes, decisions, and legal articles, codes, and documents.",41.33,41.33,58.67,0.02,2.65,5.64,34.86
16371,"Collect data about existing client hardware, software, networking, or key business processes to inform implementation of radio frequency identification device (RFID) technology.",100.0,100.0,0.0,0.0,2.78,1.53,4.41
16372,"Write, review, or comment on documents, such as proposals, test plans, or procedures.",38.0,38.0,62.0,0.02,2.88,6.98,46.66
16379,"Recommend workplace changes to improve health and safety, using knowledge of potentially harmful factors, such as heavy loads or repetitive motions.",45.32,45.32,54.68,0.0,2.62,3.29,31.81
16382,"Perform statistical analyses, such as social network pattern analysis, network modeling, discrete event simulation, agent-based modeling, statistical natural language processing, computational sociology, mathematical optimization, or systems dynamics.",47.62,47.62,52.38,0.0,2.91,7.81,78.45
16386,Establish system operating or training requirements to ensure optimized human-machine interfaces.,27.12,27.12,72.88,0.0,2.85,5.44,45.87
16388,"Develop or implement human performance research, investigation, or analysis protocols.",30.89,31.46,70.39,0.01,2.85,7.09,58.12
16389,"Develop or implement research methodologies or statistical analysis plans to test and evaluate developmental prototypes used in new products or processes, such as cockpit designs, user workstations, or computerized human models.",42.86,42.86,57.14,0.0,3.0,6.5,40.38
16390,"Design cognitive aids, such as procedural storyboards or decision support systems.",27.87,27.87,72.13,0.0,2.97,9.88,56.8
16392,Assess the user-interface or usability characteristics of products.,40.92,40.92,59.08,0.03,2.87,3.6,27.02
16394,"Apply modeling or quantitative analysis to forecast events, such as human decisions or behaviors, the structure or processes of organizations, or the attitudes or actions of human groups.",30.67,30.67,69.33,0.0,3.21,13.63,54.44
16398,Write technical reports or proposals related to engineering projects.,49.56,49.56,50.44,0.0,3.1,11.12,37.76
16407,Provide technical consultation or direction related to the development or production of fuel cell systems.,23.08,23.08,76.92,0.0,2.5,6.96,60.92
1642,Appraise and inventory real and personal property for estate planning.,50.0,50.0,50.0,0.0,2.83,5.18,22.96
16422,Establish production or quality control standards.,29.46,29.46,70.54,0.0,2.85,7.63,46.9
16423,Prepare or present technical or project status reports.,68.6,68.6,31.4,0.01,3.02,4.57,35.69
16424,Develop or implement operating methods or procedures.,55.89,55.89,44.11,0.03,3.08,8.5,48.16
16425,"Write, review, or maintain engineering documentation.",58.06,58.06,41.94,0.0,3.06,10.89,58.59
16428,Provide technical direction to other engineers or engineering support personnel.,42.63,42.63,57.37,0.22,2.65,5.93,65.89
16430,Develop or integrate control feature requirements.,27.59,26.09,68.49,0.0,2.72,7.51,59.64
16431,Develop engineering specifications or cost estimates for automotive design concepts.,33.33,33.33,66.67,0.0,2.81,6.98,45.86
16432,"Develop calibration methodologies, test methodologies, or tools.",33.33,33.33,66.67,0.0,2.92,8.87,82.77
16435,Build models for algorithm or control feature verification testing.,50.0,50.0,50.0,0.0,3.0,7.11,56.71
16465,Provide consultation or training on topics such as mechatronics or automated control.,28.2,28.2,71.8,0.04,2.64,3.98,52.65
16468,Maintain technical project files.,81.13,90.0,20.93,0.0,2.87,1.81,18.1
16469,Analyze existing development or manufacturing procedures and suggest improvements.,36.52,36.52,63.48,0.13,2.81,7.62,59.91
16470,Implement or test design solutions.,62.05,62.05,37.95,0.03,3.17,7.8,36.12
16476,Create embedded software design programs.,54.14,54.2,45.91,0.03,2.99,8.82,60.95
16488,"Develop customer documentation, such as performance specifications, training manuals, or operating instructions.",50.27,51.71,51.15,0.01,3.12,8.64,40.35
1649,Plan and conduct special research projects in area of interest or expertise.,17.01,17.01,82.99,0.01,2.85,4.07,23.85
16492,"Create or maintain formal engineering documents, such as schematics, bills of materials, components or materials specifications, or packaging requirements.",41.92,41.92,58.08,0.02,3.11,12.04,55.94
16501,"Develop or validate product-specific test protocols, acceptance thresholds, or inspection tools for quality control testing or performance measurement.",44.87,44.87,55.13,0.0,3.01,7.77,45.5
16512,"Review or approve designs, calculations, or cost estimates.",26.19,24.39,68.73,0.01,2.74,6.65,40.66
16513,Make system device lists or event timing charts.,45.45,45.45,54.55,0.0,2.86,7.49,54.0
16528,"Design software to control robotic systems for applications, such as military defense or manufacturing.",58.62,58.62,41.38,0.0,3.03,10.54,55.0
1653,"Schedule events and organize details, including refreshment, entertainment, decorations, and the collection of any fees.",43.75,43.75,56.25,0.0,3.38,2.66,11.81
16531,Write proposals to secure external funding or to partner with other companies.,38.85,38.85,61.15,0.0,3.03,8.87,41.38
16537,"Prepare reports, deliver presentations, or participate in program review activities to communicate engineering results or recommendations.",28.45,28.64,72.04,0.02,2.73,5.14,36.26
1654,"Write and review grant proposals, journal articles, institutional reports, and publicity materials.",24.53,24.53,75.47,0.07,2.76,9.21,65.58
16540,"Provide scientific or technical guidance or expertise to scientists, engineers, technologists, technicians, or others, using knowledge of chemical, analytical, or biological processes as applied to micro and nanoscale systems.",20.55,20.55,79.45,0.05,2.51,4.7,51.17
16568,"Provide technical direction or support to installation teams during installation, start-up, testing, system commissioning, or performance monitoring.",72.41,72.41,27.59,0.02,2.51,5.06,90.08
16570,"Develop design specifications and functional requirements for residential, commercial, or industrial solar energy systems or components.",35.29,35.29,64.71,0.0,2.89,5.67,49.28
16589,"Troubleshoot robotic systems, using knowledge of microprocessors, programmable controllers, electronics, circuit analysis, mechanics, sensor or feedback systems, hydraulics, or pneumatics.",57.89,57.89,42.11,0.0,2.7,2.83,55.1
16600,"Recommend tests or testing conditions in accordance with designs, customer requirements, or industry standards to ensure test validity.",31.97,31.76,67.57,0.01,2.73,6.04,56.38
16602,"Read and interpret blueprints, schematics, work specifications, drawings, or charts.",55.56,62.5,50.0,0.0,2.81,5.7,28.78
16610,"Recommend product or component design improvements, based on test data or observations.",39.82,39.82,60.18,0.02,2.71,7.64,77.67
16776,Recommend new systems and processes to improve operations.,37.01,37.01,62.99,0.08,2.83,8.67,69.36
16781,"Provide statistical and computational tools for biologically based activities, such as genetic analysis, measurement of gene expression, or gene function determination.",72.18,71.7,27.63,0.0,3.0,12.14,91.04
16783,Instruct others in the selection and use of bioinformatics tools.,47.37,47.37,52.63,0.0,2.79,7.53,166.32
16786,Develop new software applications or customize existing applications to meet specific scientific project needs.,66.44,66.44,33.56,0.17,3.07,11.38,77.77
16789,"Design and apply bioinformatics algorithms including unsupervised and supervised machine learning, dynamic programming, or graphic algorithms.",70.0,70.0,30.0,0.0,2.9,15.03,129.53
16790,Create novel computational approaches and analytical tools as required by research goals.,61.36,61.36,38.64,0.01,3.21,16.48,89.1
16794,"Consult with researchers to analyze problems, recommend technology-based solutions, or determine computational strategies.",36.32,36.32,63.68,0.12,2.82,8.0,68.41
16795,"Analyze large molecular datasets, such as raw microarray data, genomic sequence data, or proteomics data, for clinical or basic research purposes.",72.55,72.55,27.45,0.0,2.87,6.5,70.94
16809,Evaluate new technologies to enhance or complement current research.,42.48,42.48,57.52,0.0,2.93,5.94,32.17
16814,Compile and analyze molecular or cellular experimental data and adjust experimental designs as necessary.,55.56,55.56,44.44,0.0,2.84,6.85,54.29
16815,"Conduct research on cell organization and function, including mechanisms of gene expression, cellular bioinformatics, cell signaling, or cell differentiation.",18.52,18.52,81.48,0.0,2.63,2.88,11.07
16817,Write grants and papers or attend fundraising events to seek research funds.,26.97,26.97,73.03,0.01,2.9,11.31,77.08
16831,Prepare results of experimental findings for presentation at professional conferences or in scientific journals.,15.69,15.69,84.31,0.0,2.92,16.01,64.22
16845,"Prepare grant applications to obtain funding for programs related to climate change, environmental management, or sustainability.",29.61,28.18,67.0,0.0,2.86,11.6,77.31
16847,"Develop, or contribute to the development of, educational or outreach programs on the environment or climate change.",30.3,30.3,69.7,0.0,2.88,7.34,38.7
16857,Develop and communicate recommendations for landowners to maintain or restore environmental conditions.,40.91,40.91,59.09,0.0,2.82,2.19,20.09
16858,"Create diagrams to communicate environmental remediation planning, using geographic information systems (GIS), computer-aided design (CAD), or other mapping or diagramming software.",41.35,41.35,58.65,0.0,3.13,3.6,12.88
16872,Collect and analyze data to determine environmental conditions and restoration needs.,47.06,47.06,52.94,0.0,2.79,3.88,20.56
16898,Monitor or analyze market and environmental trends.,54.76,54.76,45.24,0.1,2.9,6.92,36.98
16899,Interpret indicators to ascertain the overall health of an environment.,55.32,55.32,44.68,0.0,2.51,2.73,37.53
16904,Write research proposals and grant applications to obtain private or public funding for environmental and economic studies.,29.55,29.55,70.45,0.0,2.83,10.34,66.11
16934,Prepare or review engineering studies or specifications.,53.66,53.66,46.34,0.0,3.64,28.18,68.9
16944,"Produce environmental documents, such as environmental assessments or environmental impact statements.",35.29,35.29,64.71,0.0,3.06,7.39,25.67
1695,"Conduct reference searches, using printed materials and in-house and online databases.",50.27,50.27,49.73,1.38,2.68,4.9,29.65
16956,Perform visual inspections of finished products.,48.24,48.24,51.76,0.01,2.73,1.86,32.49
16960,Evaluate new technologies and methods to make recommendations regarding their use.,27.13,27.13,72.87,0.52,2.82,4.88,37.98
16964,"Write technical reports or documentation, such as deviation reports, testing protocols, and trend analyses.",52.94,52.94,47.06,0.0,2.87,5.45,50.62
16972,"Monitor testing procedures to ensure that all tests are performed according to established item specifications, standard test methods, or protocols.",,,,0.0,3.07,0.85,2.6
16974,"Interpret test results, compare them to established specifications and control limits, and make recommendations on appropriateness of data for release.",59.46,59.46,40.54,0.0,2.74,3.66,51.08
16975,Identify quality problems and recommend solutions.,43.12,43.12,56.88,0.01,2.63,5.74,67.43
16976,Evaluate analytical methods and procedures to determine how they might be improved.,31.73,32.75,70.45,0.0,2.87,4.61,33.38
16979,Compile laboratory test data and perform appropriate analyses.,47.27,47.27,52.73,0.01,2.81,4.04,42.5
16981,Participate in the planning or development of mapping projects.,40.0,40.0,60.0,0.0,2.93,6.22,65.07
16983,Document methods used and write technical reports containing information collected.,54.17,54.17,45.83,0.0,3.33,11.87,43.39
16984,Develop specialized computer software routines to customize and integrate image analysis.,69.32,65.35,28.92,0.01,3.08,8.79,71.27
16987,"Prepare documentation or presentations, including charts, photos, or graphs.",46.38,46.38,53.62,0.03,3.3,10.71,35.0
16990,"Merge scanned images or build photo mosaics of large areas, using image processing software.",59.68,59.68,40.32,0.0,2.88,1.98,9.77
16991,Integrate remotely sensed data with other geospatial data.,81.08,85.71,20.0,0.0,2.88,4.52,67.61
16997,"Adjust remotely sensed images for optimum presentation by using software to select image displays, define image set categories, or choose processing routines.",83.33,83.33,16.67,0.0,2.51,1.36,15.85
17002,"Write reports to summarize student performance, social growth, or physical development.",37.78,37.78,62.22,0.01,2.6,3.39,27.56
1701,Organize and maintain periodicals and reference materials.,62.12,62.12,37.88,0.0,2.49,2.4,18.72
17021,"Research or recommend textbooks, software, equipment, or other learning materials to complement tutoring.",29.55,29.55,70.45,0.01,2.8,4.53,45.24
17024,Organize tutoring environment to promote productivity and learning.,60.29,60.29,39.71,0.0,2.44,2.13,18.07
17026,"Review class material with students by discussing text, working solutions to problems, or reviewing worksheets or other assignments.",32.45,32.45,67.55,0.01,2.63,3.13,40.3
17027,"Provide feedback to students, using positive reinforcement techniques to encourage, motivate, or build confidence in students.",26.51,27.01,74.88,0.03,2.58,3.17,80.15
17028,Prepare lesson plans or learning modules for tutoring sessions according to students' needs and goals.,52.94,52.94,47.06,0.0,2.94,7.43,43.94
17031,"Develop teaching or training materials, such as handouts, study materials, or quizzes.",54.38,54.38,45.62,0.86,3.11,8.21,27.87
17033,"Collaborate with students, parents, teachers, school administrators, or counselors to determine student needs, develop tutoring plans, or assess student progress.",,,,0.0,2.53,5.3,55.0
17034,Assess students' progress throughout tutoring sessions.,20.19,20.19,79.81,0.03,2.5,4.76,84.06
17035,"Administer, proctor, or score academic or diagnostic assessments.",61.9,61.9,38.1,0.0,2.76,3.44,22.74
17036,"Teach students study skills, note-taking skills, and test-taking strategies.",29.22,28.72,69.57,0.01,2.72,4.49,68.65
17037,"Provide private instruction to individual or small groups of students to improve academic performance, improve occupational skills, or prepare for academic or occupational tests.",30.09,30.09,69.91,0.16,2.54,4.92,66.71
1706,Review subject matter of materials to be classified and select classification numbers and headings according to classification systems.,90.0,90.23,10.03,0.01,2.83,1.44,7.53
17065,Provide allergy or immunology consultation or education to physicians or other health care providers.,19.35,19.35,80.65,0.0,2.65,2.26,17.97
17069,"Educate patients about diagnoses, prognoses, or treatments.",25.73,25.73,74.27,0.02,2.52,1.97,49.1
17070,Interpret diagnostic test results to make appropriate differential diagnoses.,48.7,48.7,51.3,0.01,2.63,2.78,40.86
17093,"Counsel patients on topics such as the need for annual dermatologic screenings, sun protection, skin cancer awareness, or skin and lymph node self-examinations.",38.46,38.46,61.54,0.0,2.6,0.65,7.83
17095,"Diagnose and treat skin conditions such as acne, dandruff, athlete's foot, moles, psoriasis, or skin cancer.",73.33,73.33,26.67,0.0,2.73,0.72,10.27
17096,"Refer patients to medical specialists, social services, or other professionals as appropriate.",64.71,64.71,35.29,0.0,2.79,1.67,73.84
17099,Write patient discharge summaries and send them to primary care physicians.,53.33,53.33,46.67,0.0,2.53,2.85,37.07
17113,"Counsel patients or others on the background of neurological disorders including risk factors, or genetic or environmental concerns.",8.16,8.0,90.0,0.01,2.72,1.5,25.46
17114,"Interpret the results of neuroimaging studies, such as Magnetic Resonance Imaging (MRI), Single Photon Emission Computed Tomography (SPECT), and Positron Emission Tomography (PET) scans.",37.5,37.5,62.5,0.0,2.58,2.49,41.55
17115,Refer patients to other health care practitioners as necessary.,63.44,63.44,36.56,0.0,2.72,0.51,17.38
17116,Advise other physicians on the treatment of neurological problems.,28.21,36.67,93.33,0.0,2.44,6.27,23.53
17123,"Interview patients to obtain information, such as complaints, symptoms, medical histories, and family histories.",85.0,85.0,15.0,0.0,2.79,0.44,10.33
17125,"Diagnose neurological conditions based on interpretation of examination findings, histories, or test results.",70.59,70.59,29.41,0.0,3.0,2.54,28.65
1714,Compose explanatory summaries of contents of books and other reference materials.,44.86,44.74,54.99,0.09,2.7,4.81,29.14
17163,Educate patients about maintenance and promotion of healthy vision.,26.9,26.9,73.1,0.0,2.48,1.02,24.0
17191,"Analyze and interpret results from tests, such as microbial or parasite tests, urine analyses, hormonal assays, fine needle aspirations (FNAs), and polymerase chain reactions (PCRs).",31.71,31.71,68.29,0.0,2.57,2.38,58.3
1720,"Plan arrangement according to client's requirements, using knowledge of design and properties of materials, or select appropriate standard design pattern.",48.38,48.38,51.62,0.02,3.15,4.63,26.89
17202,"Diagnose or treat performance-related conditions, such as sports injuries or repetitive-motion injuries.",70.59,70.59,29.41,0.0,2.71,1.74,33.88
17242,Prepare comprehensive interpretive reports of findings.,45.4,45.4,54.6,0.0,2.91,6.37,38.25
17252,"Communicate examination results or diagnostic information to referring physicians, patients, or families.",51.43,51.43,48.57,0.0,2.45,2.8,56.74
17254,"Perform or interpret the outcomes of diagnostic imaging procedures including magnetic resonance imaging (MRI), computer tomography (CT), positron emission tomography (PET), nuclear cardiology treadmill studies, mammography, or ultrasound.",64.29,64.29,35.71,0.0,2.65,1.78,26.01
17257,Advise against injured athletes returning to games or competition if resuming activity could lead to further injury.,65.82,65.82,34.18,0.0,2.61,3.83,89.3
17263,"Advise athletes, trainers, or coaches to alter or cease sports practices that are potentially harmful.",62.33,62.33,37.67,0.01,2.73,4.01,82.34
17270,Provide education and counseling on illness and injury prevention.,34.56,35.29,66.81,0.01,2.53,1.26,22.01
17274,"Inform athletes about nutrition, hydration, dietary supplements, or uses and possible consequences of medication.",47.29,47.56,53.02,0.05,2.63,4.63,78.8
17275,Evaluate and manage chronic pain conditions.,40.0,40.0,60.0,0.0,2.73,3.37,83.4
17281,Diagnose or treat disorders of the musculoskeletal system.,70.59,70.59,29.41,0.0,2.78,2.1,48.17
17283,Document or review patients' histories.,62.96,62.96,37.04,0.0,2.69,2.4,30.09
1732,"Conduct classes or demonstrations, or train other workers.",41.13,41.13,58.87,0.01,2.69,5.25,99.08
17320,"Refer patients requiring more specialized or complex treatment to psychiatrists, primary care physicians, or other medical specialists.",40.74,50.0,72.73,0.0,3.19,3.9,96.61
17323,"Interpret diagnostic or laboratory tests, such as electrocardiograms (EKGs) and renal functioning tests.",51.35,51.35,48.65,0.0,2.64,2.89,58.45
17324,Evaluate patients' behavior to formulate diagnoses or assess treatments.,41.11,41.11,58.89,0.0,2.77,5.4,68.12
17326,Monitor patients' medication usage and results.,93.75,93.75,6.25,0.0,2.44,3.98,150.81
17327,"Educate patients and family members about mental health and medical conditions, preventive health measures, medications, or treatment plans.",27.13,26.32,70.69,0.0,2.59,2.93,77.93
17328,"Distinguish between physiologically- and psychologically-based disorders, and diagnose appropriately.",35.58,30.43,55.1,0.0,2.76,3.52,53.63
17331,"Assess patients' mental and physical status, based on the presenting symptoms and complaints.",54.55,54.55,45.45,0.0,2.66,1.51,30.34
1734,"Estimate material requirements and costs, and present design to client for approval.",33.81,33.81,66.19,0.01,2.87,5.91,38.82
17349,"Write reports or complete forms to document assessments, training, progress, or follow-up outcomes.",46.94,46.94,53.06,0.0,3.02,4.08,34.69
17351,"Assess clients' functioning in areas such as vision, orientation and mobility skills, social and emotional issues, cognition, physical abilities, and personal goals.",42.11,42.11,57.89,0.0,2.74,2.74,32.79
17359,"Dispense herbal formulas and inform patients of dosages and frequencies, treatment duration, possible side effects, and drug interactions.",39.39,39.39,60.61,0.0,2.73,3.05,47.91
1736,"Advise client on interior design factors, such as space planning, layout and use of furnishings or equipment, and color coordination.",44.21,44.15,55.71,0.03,3.02,4.16,29.26
17370,Develop individual treatment plans and strategies.,47.83,47.83,52.17,0.0,3.33,5.14,23.12
17387,"Communicate test results or technical information to patients, physicians, family members, or researchers.",45.99,42.86,50.34,0.0,2.49,3.1,61.56
174,"Program and use computers to store, process, and analyze data.",65.02,65.02,34.98,0.04,3.08,9.63,67.02
17437,"Explain testing procedures to patients, answering questions or reassuring patients, as needed.",27.08,25.93,69.81,0.0,2.35,1.14,40.94
1747,"Adjust coaching techniques, based on the strengths and weaknesses of athletes.",47.6,47.6,52.4,0.04,2.59,4.72,104.41
17475,Estimate patients' due dates and re-evaluate as necessary based on examination results.,66.67,66.67,33.33,0.0,2.39,2.95,117.96
17487,"Provide, or refer patients to other providers for, education or counseling on topics such as genetic testing, newborn care, contraception, or breastfeeding.",35.89,35.89,64.11,0.01,2.39,1.78,37.47
17491,Compile and evaluate clinical practice statistics.,36.84,36.84,63.16,0.0,2.65,8.15,44.65
17493,Counsel women regarding the nutritional requirements of pregnancy.,32.35,34.12,71.34,0.0,2.46,2.15,50.35
17495,Incorporate research findings into practice as appropriate.,46.67,46.67,53.33,0.0,3.13,5.37,26.33
17498,Recommend the use of vitamin and mineral supplements to enhance the health of patients and children.,33.67,33.67,66.33,0.03,2.67,3.96,61.37
1750,"Instruct individuals or groups in sports rules, game strategies, and performance principles, such as specific ways of moving the body, hands, or feet, to achieve desired results.",48.28,48.28,51.72,0.0,2.71,2.72,48.17
17500,Analyze genetic information to identify patients or families at risk for specific disorders or syndromes.,26.67,26.67,73.33,0.0,2.8,,53.53
17502,"Provide genetic counseling in specified areas of clinical genetics, such as obstetrics, pediatrics, oncology and neurology.",28.21,28.21,71.79,0.0,2.56,1.9,18.74
17504,"Provide counseling to patient and family members by providing information, education, or reassurance.",32.03,31.35,66.54,0.01,2.63,2.65,76.92
17505,"Determine or coordinate treatment plans by requesting laboratory services, reviewing genetics or counseling literature, and considering histories or diagnostic data.",49.18,49.18,50.82,0.0,2.79,4.82,77.6
17507,Interpret laboratory results and communicate findings to patients or physicians.,42.42,42.42,57.58,0.01,2.49,1.47,36.37
17510,Refer patients to specialists or community resources.,65.9,64.42,33.33,0.0,2.77,1.31,46.43
1752,Evaluate athletes' skills and review performance records to determine their fitness and potential in a particular area of athletics.,50.0,50.0,50.0,0.0,2.8,1.8,26.49
17550,Link or chart suspects to criminal organizations or events to determine activities and interrelationships.,,,,0.0,3.07,10.57,106.2
17557,"Develop defense plans or tactics, using intelligence and other information.",67.55,69.39,33.33,0.0,2.71,10.45,105.2
17571,Recommend new or improved processes or equipment to reduce risk exposure.,45.21,45.21,54.79,0.01,2.71,2.04,19.71
17579,Recommend methods to reduce potential financial fraud losses.,40.74,40.74,59.26,0.0,2.75,1.14,13.68
1758,"Explain and demonstrate the use of sports and training equipment, such as trampolines or weights.",54.76,54.76,45.24,0.0,2.63,3.17,82.26
17595,Create signs to advertise store products or events.,26.19,26.19,73.81,0.0,3.18,2.5,19.93
17603,Assess employee performance and suggest ways to improve work.,49.91,53.97,54.17,0.0,2.75,4.16,29.77
17606,Develop staff service or retail goals and guide staff in goal achievement.,34.68,37.93,71.43,0.0,2.94,6.55,29.21
17610,"Perform accounting duties, such as recording daily cash flow, preparing bank deposits, or generating financial statements.",60.0,60.0,40.0,0.0,3.43,9.46,35.0
17612,Respond to customer inquiries or complaints.,83.49,84.44,16.7,0.04,2.49,0.86,18.71
17615,Develop or implement marketing strategies.,35.56,35.56,64.44,0.04,3.03,12.5,73.26
17617,Maintain client databases.,77.86,79.33,22.56,0.02,3.07,2.57,24.08
17660,Develop marketing or strategic plans for sales territories.,45.54,45.54,54.46,0.01,3.14,12.75,50.33
17663,"Provide customers with information, such as quotes, orders, sales, shipping, warranties, credit, funding options, incentives, or tax rebates.",29.99,29.99,70.01,0.02,2.35,0.89,11.7
17664,"Provide technical information about solar power, solar systems, equipment, and services to potential customers or dealers.",26.88,26.88,73.12,0.0,2.45,2.17,18.38
17667,"Explain policies, procedures, or services to patients using medical or administrative knowledge.",34.66,34.66,65.34,0.01,2.3,1.83,19.36
17674,"Develop and distribute newsletters, brochures, or other printed materials to share information with patients or medical staff.",56.72,56.72,43.28,0.02,3.21,4.67,16.09
17687,"Prepare shipping documentation, such as bills of lading, packing lists, dock receipts, or certificates of origin.",31.25,31.25,68.75,0.0,3.13,4.09,28.13
17689,"Inform clients of factors such as shipping options, timelines, transfers, or regulations affecting shipments.",43.4,43.4,56.6,0.0,2.23,1.72,30.56
1769,"Study the objectives, promotional policies, or needs of organizations to develop public relations strategies that will influence public opinion or promote ideas, products, or services.",37.26,37.04,62.38,0.06,2.89,6.61,51.44
17697,"Recommend or arrange appropriate merchandise packing methods, according to climate, terrain, weight, nature of goods, or costs.",45.16,45.16,54.84,0.0,2.63,1.18,11.8
17699,"Verify adherence of documentation to customs, insurance, or regulatory requirements.",36.97,36.97,63.03,0.0,2.63,4.41,38.71
17706,"Develop or maintain applications that process biologically based data into searchable databases for purposes of analysis, calculation, or presentation.",72.22,72.22,27.78,0.0,3.35,10.8,23.11
17707,"Enter or retrieve information from structural databases, protein sequence motif databases, mutation databases, genomic databases or gene expression databases.",55.0,55.0,45.0,0.0,2.95,5.13,45.15
17709,"Analyze or manipulate bioinformatics data using software packages, statistical applications, or data mining techniques.",60.08,60.08,39.92,0.01,2.74,9.04,105.49
1771,"Consult with advertising agencies or staff to arrange promotional campaigns in all types of media for products, organizations, or individuals.",50.0,50.0,50.0,0.0,2.67,4.81,53.47
17711,Create data management or error-checking procedures and user manuals.,36.36,36.36,63.64,0.0,3.09,10.59,66.78
17715,"Extend existing software programs, web-based interactive tools, or database queries as sequence management and analysis needs evolve.",39.69,40.25,61.15,0.1,3.2,13.74,56.77
17717,Participate in the preparation of reports or scientific publications.,32.82,32.82,67.18,0.12,2.85,12.17,75.14
17718,Test new or updated software or tools and provide feedback to developers.,73.84,63.41,22.47,0.0,3.26,12.1,77.91
1772,Coach client representatives in effective communication with the public or with employees.,36.14,36.14,63.86,0.05,2.59,4.6,76.75
17720,Write computer programs or scripts to be used in querying databases.,69.33,69.33,30.67,0.03,3.21,11.11,70.88
17721,Conduct quality analyses of data inputs and resulting analyses or predictions.,55.51,55.51,44.49,0.08,2.93,10.47,76.6
17724,"Perform routine system administrative functions, such as troubleshooting, back-ups, or upgrades.",96.17,96.17,3.83,0.03,2.77,3.2,62.55
17736,"Evaluate subcontractors or subcontractor bids for quality, cost, and reliability.",50.1,49.11,48.91,0.01,2.8,6.22,35.8
1775,"Plan or conduct market or public opinion research to test products or determine potential for product success, communicating results to client or management.",62.5,62.5,37.5,0.0,3.0,10.49,24.85
1776,"Prepare, rewrite and edit copy to improve readability, or supervise others who do this work.",35.3,35.3,64.7,0.61,2.47,3.2,36.07
17763,"Compile or maintain records of system operation, performance, and maintenance.",99.79,99.79,0.21,0.01,3.17,0.53,1.43
1777,"Read copy or proof to detect and correct errors in spelling, punctuation, and syntax.",28.68,28.68,71.32,0.23,2.33,2.7,39.07
1778,"Allocate print space for story text, photos, and illustrations according to space parameters and copy significance, using knowledge of layout principles.",48.44,48.44,51.56,0.0,3.11,8.1,31.88
1779,"Plan the contents of publications according to the publication's style, editorial policy, and publishing requirements.",46.05,46.05,53.95,0.0,3.13,7.39,34.68
178,"Identify, classify, and study structure, behavior, ecology, physiology, nutrition, culture, and distribution of plant and animal species.",50.46,50.46,49.54,0.01,2.59,0.85,12.99
1780,"Verify facts, dates, and statistics, using standard reference sources.",34.82,35.43,66.31,0.08,2.64,5.36,30.84
17802,"Explain recommendations, policies, procedures, requirements, or other related information to residents or building owners.",43.59,43.59,56.41,0.01,2.35,1.05,14.73
1782,"Develop story or content ideas, considering reader or audience appeal.",29.82,29.82,70.18,0.75,2.78,6.12,60.84
1786,"Read, evaluate and edit manuscripts or other materials submitted for publication, and confer with authors regarding changes in content, style or organization, or publication.",10.49,10.49,89.51,0.11,2.65,7.16,84.7
17896,"Implement grant-funded projects, monitoring and reporting progress in accordance with sponsoring agency requirements.",33.33,33.33,66.67,0.0,3.06,7.44,33.87
1790,Make manuscript acceptance or revision recommendations to the publisher.,32.58,29.79,61.64,0.0,2.81,8.02,43.79
1791,"Select local, state, national, and international news items received from wire services, based on assessment of items' significance and interest value.",60.61,60.61,39.39,0.0,3.3,5.89,27.35
17910,Review customer requests for service to determine service needs and deploy appropriate resources to provide service.,82.81,82.81,17.19,0.0,2.22,1.05,10.93
17955,"Prepare and maintain logs, reports, or other documentation of work performed.",89.47,89.47,10.53,0.21,3.28,2.35,16.84
18002,Evaluate the quality and effectiveness of nursing practice or organizational systems.,42.11,42.11,57.89,0.0,2.47,5.75,35.79
18010,"Make clinical recommendations to physicians, other health care providers, insurance companies, patients, or health care organizations.",39.34,39.34,60.66,0.01,2.51,2.74,23.72
18011,"Plan, evaluate, or modify treatment programs, based on information gathered by observing and interviewing patients or by analyzing patient records.",53.82,53.82,46.18,0.01,2.75,6.65,88.09
18012,Present clients with information required to make informed health care and treatment decisions.,40.0,40.0,60.0,0.0,2.61,5.11,119.8
18020,Prepare reports to document patients' care activities.,56.9,56.9,43.1,0.01,2.73,3.19,34.06
18023,Formulate or implement regulatory affairs policies and procedures to ensure that regulatory compliance is maintained or enhanced.,61.75,60.53,37.5,0.0,3.29,15.97,32.96
18024,"Provide regulatory guidance to departments or development project teams regarding design, development, evaluation, or marketing of products.",25.0,25.0,75.0,0.01,2.72,7.37,47.15
18037,"Review all regulatory agency submission materials to ensure timeliness, accuracy, comprehensiveness, or compliance with regulatory standards.",43.31,43.31,56.69,0.01,2.84,7.91,35.62
18040,Contribute to the development or implementation of business unit strategic and operating plans.,48.35,48.35,51.65,0.03,2.92,9.52,56.01
18042,Develop and maintain standard operating procedures or local working practices.,41.24,41.24,58.76,0.01,3.03,11.97,66.05
18048,"Coordinate, prepare, or review regulatory submissions for domestic or international projects.",51.41,51.41,48.59,0.01,3.04,8.53,43.72
18049,Interpret regulatory rules or rule changes and ensure that they are communicated through corporate policies and procedures.,38.92,44.12,69.23,0.0,2.81,6.81,36.13
18051,"Review product promotional materials, labeling, batch records, specification sheets, or test methods for compliance with applicable regulations and policies.",45.45,45.45,54.55,0.0,2.58,4.28,20.7
18052,"Advise project teams on subjects such as premarket regulatory requirements, export and labeling requirements, or clinical study compliance issues.",32.15,32.37,68.32,0.01,2.59,7.91,53.36
18053,Compile and maintain regulatory documentation databases or systems.,85.96,85.96,14.04,0.0,3.54,7.66,18.93
18060,Participate in internal or external audits.,56.52,56.52,43.48,0.0,3.2,12.29,33.28
18062,Prepare or maintain technical files as necessary to obtain and sustain product approval.,56.38,62.79,48.57,0.0,3.02,9.39,38.46
18063,Recommend changes to company procedures in response to changes in regulations or standards.,28.79,27.5,68.03,0.01,2.82,8.8,49.68
18064,"Prepare responses to customer requests for information, such as product data, written regulatory affairs statements, surveys, or questionnaires.",42.49,41.43,56.07,0.0,2.42,1.68,22.94
18066,"Write or update standard operating procedures, work instructions, or policies.",45.31,45.31,54.69,0.0,2.95,8.09,41.77
18077,Calculate potential for energy savings.,38.46,38.46,61.54,0.0,2.53,2.2,24.3
18084,Quantify energy consumption to establish baselines for energy use or need.,68.75,68.75,31.25,0.0,2.88,8.72,36.07
18087,Recommend energy-efficient technologies or alternate energy sources.,33.33,33.33,66.67,0.0,2.7,9.17,68.93
18088,"Design, develop, select, test, implement, and evaluate new or modified informatics solutions, data structures, and decision-support mechanisms to support patients, health care professionals, and their information management and human-computer and human-technology interactions within health care contexts.",34.62,34.62,65.38,0.0,3.04,10.4,30.31
1809,"Provide information and advice regarding drug interactions, side effects, dosage, and proper medication storage.",33.83,33.83,66.17,0.13,2.52,1.88,37.01
18092,Use informatics science to design or implement health information technology applications for resolution of clinical or health care administrative problems.,41.86,41.86,58.14,0.0,3.11,16.11,41.6
18094,"Analyze and interpret patient, nursing, or information systems data to improve nursing services.",77.27,77.27,22.73,0.0,2.83,1.97,11.83
1810,Analyze prescribing trends to monitor patient compliance and to prevent excessive usage or harmful interactions.,60.0,60.0,40.0,0.0,2.93,3.57,40.47
18101,"Identify, collect, record, or analyze data relevant to the nursing care of patients.",66.1,65.56,33.63,0.0,2.47,1.51,18.96
18128,"Design validation study features, such as sampling, testing, or analytical methodologies.",28.64,28.64,71.36,0.01,2.85,8.72,60.4
18129,"Develop validation master plans, process flow diagrams, test cases, or standard operating procedures.",60.0,60.0,40.0,0.0,3.0,,
18131,Analyze validation test data to determine whether systems or processes have met validation criteria or to identify root causes of production problems.,63.62,63.62,36.38,0.01,2.78,8.34,61.06
18133,"Create, populate, or maintain databases for tracking validation activities, test results, or validated systems.",100.0,100.0,0.0,0.0,2.61,0.65,6.5
18137,"Prepare detailed reports or design statements, based on results of validation and qualification tests or reviews of procedures and protocols.",45.88,45.88,54.12,0.0,3.13,12.26,45.47
18146,"Prepare, maintain, or review validation and compliance documentation, such as engineering change notices, schematics, or protocols.",54.84,54.84,45.16,0.0,2.96,12.42,66.88
18174,"Estimate costs, production times, or staffing requirements for new designs.",47.14,47.14,52.86,0.0,2.95,5.23,32.43
18175,Evaluate manufactured products according to specifications and quality standards.,44.52,43.42,54.11,0.01,2.67,2.6,25.38
18177,"Investigate or resolve operational problems, such as material use variances or bottlenecks.",59.53,59.53,40.47,0.02,2.95,7.35,53.87
18178,Prepare documentation for new manufacturing processes or engineering procedures.,48.55,47.56,50.41,0.0,3.09,9.37,39.2
1818,Refer patients to other health professionals or agencies when appropriate.,67.8,67.8,32.2,0.01,2.7,0.83,25.65
18180,Review product designs for manufacturability or completeness.,30.1,30.1,69.9,0.01,2.76,4.22,41.15
18181,"Troubleshoot new or existing product problems involving designs, materials, or processes.",66.86,66.86,33.14,0.04,2.68,3.3,35.39
18182,Prepare reports summarizing information or trends related to manufacturing performance.,74.19,74.19,25.81,0.0,3.09,4.16,32.7
18183,Provide technical expertise or support related to manufacturing.,32.41,32.66,68.1,0.02,2.66,4.63,47.18
18195,Analyze system performance or operational requirements.,60.1,60.1,39.9,0.09,2.96,6.95,42.27
18265,Compile and format image data to increase its usefulness.,46.64,46.64,53.36,0.12,3.07,4.09,20.17
18269,Develop new analytical techniques or sensor systems.,24.0,24.0,76.0,0.0,3.04,14.97,66.58
18275,Recommend new remote sensing hardware or software acquisitions.,27.78,27.78,72.22,0.0,2.61,5.96,46.94
18297,"Analyze the indications, contraindications, risk complications, and cost-benefit tradeoffs of therapeutic interventions.",39.96,39.96,60.04,0.01,2.62,2.35,31.42
18298,Diagnose acute or chronic conditions that could result in rapid physiological deterioration or life-threatening instability.,78.95,78.95,21.05,0.0,2.42,1.04,24.63
18301,Interpret information obtained from electrocardiograms (EKGs) or radiographs (x-rays).,60.27,60.27,39.73,0.0,2.69,1.08,17.64
18303,"Assess urgent and emergent health conditions, using both physiologically and technologically derived data.",76.34,76.34,23.66,0.0,2.47,3.29,62.68
18307,Discuss illnesses and treatments with patients and family members.,32.04,32.04,67.96,0.01,2.67,2.15,41.27
1831,Counsel outpatients or other patients during office visits.,31.63,31.63,68.37,0.0,2.66,1.04,23.47
18317,Assist patients in organizing their health care system activities.,54.93,54.93,45.07,0.01,2.38,1.61,40.57
18331,"Advocate for patients' and families' needs, or provide emotional support for patients and their families.",47.25,43.75,48.84,0.0,2.8,3.18,165.69
18336,"Assess patients' psychosocial status and needs, including areas such as sleep patterns, anxiety, grief, anger, and support systems.",56.52,56.52,43.48,0.0,2.88,3.3,44.79
18339,Compile and analyze data obtained from monitoring or diagnostic tests.,51.52,51.52,48.48,0.0,2.56,4.64,62.24
1834,"Advise or inform guardians, relatives, or significant others of patients' conditions or treatment.",43.69,43.69,56.31,0.0,2.46,3.05,44.39
18360,"Perform or evaluate the results of diagnostic tests, such as radiographs (x-rays) and electrocardiograms (EKGs).",75.0,75.0,25.0,0.0,2.75,1.37,26.06
18380,"Counsel patients about drug regimens and possible side effects or interactions with other substances, such as food supplements, over-the-counter (OTC) medications, or herbal remedies.",29.8,29.8,70.2,0.07,2.57,2.43,55.49
18382,"Analyze and interpret patients' histories, symptoms, physical findings, or diagnostic information to develop appropriate diagnoses.",57.51,57.51,42.49,0.01,2.58,2.83,45.84
18383,"Diagnose or treat acute health care problems, such as illnesses, infections, or injuries.",73.08,90.48,33.33,0.0,2.44,1.09,25.05
18393,"Provide patients with information needed to promote health, reduce risk factors, or prevent disease or disability.",42.31,42.31,57.69,0.0,2.58,2.04,37.56
18395,Recommend interventions to modify behavior associated with health risks.,48.57,48.57,51.43,0.02,2.74,3.81,61.3
18398,Provide patients or caregivers with assistance in locating health care resources.,64.46,64.86,35.76,0.01,2.5,1.28,21.4
18412,Educate patients about health care management.,36.27,36.27,63.73,0.0,2.34,0.95,22.22
18413,Advise patients about therapeutic exercise and nutritional medicine regimens.,42.79,42.79,57.21,0.01,2.75,6.37,87.89
18414,"Diagnose health conditions, based on patients' symptoms and health histories, laboratory and diagnostic radiology test results, or other physiological measurements, such as electrocardiograms and electroencephalographs.",72.22,72.22,27.78,0.0,2.61,2.15,26.68
18431,Interpret clinical or diagnostic test results.,51.51,51.51,48.49,0.02,2.58,2.22,34.13
18432,Provide instructions to patients or family members concerning diagnoses or treatment plans.,47.59,47.59,52.41,0.01,2.47,1.95,53.8
18436,Prepare diagnostic or treatment reports for other medical practitioners or therapists.,55.88,52.55,41.49,0.0,2.73,4.22,37.88
18441,"Educate patients and family members regarding prenatal, intrapartum, postpartum, newborn, or interconception care.",34.86,34.86,65.14,0.02,2.42,2.09,56.45
18449,"Explain procedures to patients, family members, staff members or others.",36.0,36.0,64.0,0.0,2.48,1.38,12.34
1845,"Monitor all aspects of patient care, including diet and physical activity.",86.21,86.21,13.79,0.0,2.52,8.08,146.79
18456,Write information in medical records or provide narrative summaries to communicate patient information to other health care providers.,53.45,53.04,46.19,0.0,2.5,2.74,33.44
18463,"Provide direct service and support to individuals or clients, such as handling a referral for child advocacy issues, conducting a needs evaluation, or resolving complaints.",71.31,71.31,28.69,0.01,2.81,1.05,12.83
18470,Prepare graphic representations or drawings of proposed plans or designs.,42.13,40.55,55.71,0.01,3.29,5.41,22.14
18484,"Fill out and maintain client-related paperwork, including federal- and state-mandated forms, client diagnostic records, and progress notes.",54.76,54.76,45.24,0.0,3.05,5.82,41.26
18492,Prepare for trial by performing tasks such as organizing exhibits.,41.54,41.54,58.46,0.0,2.95,9.05,67.29
18512,"Catalogue and sort books and other print and non-print materials according to procedure and return them to shelves, files, or other designated storage areas.",96.43,96.43,3.57,0.0,3.45,1.45,5.66
18523,"Evaluate hearing or speech and language test results, barium swallow results, or medical or background information to diagnose and plan treatment for speech, language, fluency, voice, or swallowing disorders.",46.67,46.67,53.33,0.0,2.6,4.07,70.6
18532,"Advise animal owners regarding sanitary measures, feeding, general care, medical conditions, or treatment options.",62.83,63.26,37.43,0.01,2.4,1.34,41.57
18534,"Perform administrative or business management tasks, such as scheduling appointments, accepting payments from clients, budgeting, or maintaining business records.",80.0,80.0,20.0,0.0,2.97,1.42,16.13
18537,Provide clinical services or health education to improve and maintain the oral health of patients or the general public.,31.6,31.6,68.4,0.01,2.43,1.06,16.48
18559,Answer customer questions regarding problems with their accounts.,80.11,86.3,21.43,0.0,2.43,0.48,13.69
18565,"Confer with customers by telephone or in person to provide information about products or services, take or enter orders, cancel accounts, or obtain details of complaints.",28.59,28.59,71.41,0.06,2.59,0.74,11.66
18567,"Answer inquiries pertaining to hotel services, guest registration, and travel directions, or make recommendations regarding shopping, dining, or entertainment.",34.48,34.48,65.52,0.0,2.42,1.56,22.87
18577,Provide clerical support to other departments.,83.33,83.33,16.67,0.0,2.32,0.9,6.15
18582,Diagnose and repair vehicle heating and cooling systems.,79.27,79.27,20.73,0.0,2.39,1.12,41.93
18593,"Advise students on issues such as course selection, progress toward graduation, and career decisions.",32.61,33.06,68.32,0.41,2.7,4.8,61.72
18595,Formulate strategic plans for the institution.,48.22,48.22,51.78,0.0,2.96,14.38,56.59
18604,"Write documents describing protocols, policies, standards for use, maintenance, and repair of medical equipment.",43.75,43.75,56.25,0.0,3.28,9.89,28.89
18613,"Prepare technical and research reports, such as environmental impact reports, and communicate the results to individuals in industry, government, or the general public.",57.71,63.89,46.81,0.0,3.01,12.27,38.81
18625,"Evaluate students' or individuals' abilities, interests, and personality characteristics, using tests, records, interviews, or professional sources.",49.55,49.55,50.45,0.01,2.94,2.94,33.0
18627,"Counsel students regarding educational issues, such as course and program selection, class scheduling and registration, school adjustment, truancy, study habits, and career planning.",26.02,26.02,73.98,0.02,2.66,2.89,38.5
1863,Refer students or patients to specialized health resources or community agencies furnishing assistance.,51.11,51.11,48.89,0.0,3.02,1.85,59.6
18638,"Assist students who need extra help, such as by tutoring and preparing and implementing remedial programs.",21.53,21.53,78.47,0.01,2.43,4.28,76.01
18661,Convert video and audio recordings into digital formats for editing or archiving.,88.18,88.18,11.82,0.02,2.88,1.8,8.01
18663,"Edit video for broadcast productions, including non-linear editing.",70.59,70.59,29.41,0.0,3.11,2.88,20.31
1867,Monitor patients' progress and adjust treatments accordingly.,94.44,94.44,5.56,0.0,2.17,6.64,113.38
18671,Write new scripts for broadcasts.,38.04,38.04,61.96,0.03,2.77,8.31,50.37
18680,Recommend assistive devices according to patients' needs or nature of impairments.,,,,0.0,2.5,0.63,6.44
18691,"Perform general administrative tasks, such as keeping records or writing reports.",81.82,81.82,18.18,0.0,3.05,1.14,16.23
18697,"Record and maintain patient information, such as vital signs, eating habits, behavior, progress notes, treatments, or discharge plans.",88.0,88.0,12.0,0.0,2.54,2.14,36.12
187,"Study basic principles of plant and animal life, such as origin, relationship, development, anatomy, and function.",10.27,10.27,89.73,0.01,2.66,1.39,9.34
18748,"Provide guests with information about local areas, including directions.",59.82,59.82,40.18,0.17,2.73,1.69,20.77
18751,Answer telephone calls and respond to inquiries or transfer calls.,29.91,29.91,70.09,0.1,2.49,0.54,5.98
18757,"Communicate with children's parents or guardians about daily activities, behaviors, and related issues.",39.95,41.36,62.18,0.0,2.74,1.36,16.13
18759,Create developmentally appropriate lesson plans.,48.24,49.94,53.59,0.06,3.15,9.09,36.43
18761,"Perform general administrative tasks, such as taking attendance, editing internal paperwork, and making phone calls.",88.82,88.82,11.18,0.02,2.56,0.76,8.76
18765,Assist customers by providing information and resolving their complaints.,61.62,61.62,38.38,0.08,2.36,0.67,14.8
18775,"Perform accounting and bookkeeping activities, such as invoicing, maintaining financial records, budgeting, and handling cash.",63.89,63.89,36.11,0.0,3.14,7.42,45.09
18788,"Troubleshoot equipment, electrical components, hydraulics, or other mechanical systems.",84.47,85.29,15.68,0.04,2.33,1.44,57.6
18797,"Record information, such as cash receipts and ticket fares, and maintain log book.",80.0,80.0,20.0,0.0,2.76,2.13,16.37
1883,Provide communication instruction to dialect speakers or students with limited English proficiency.,40.2,40.2,59.8,0.0,2.58,4.06,55.53
18831,Conduct market research and analyze industry trends.,57.69,57.14,41.91,0.04,3.02,11.82,44.19
18837,Offer counsel and comfort to families and friends of the deceased.,48.17,48.17,51.83,0.0,2.96,1.37,43.57
18840,"Respond to customer complaints, legal inquiries, payment negotiations, or other post-service matters.",53.39,54.93,47.96,0.0,2.35,2.67,55.43
18841,"Review financial statements, sales or activity reports, or other performance data to identify opportunities for cost reductions or service improvements.",56.58,56.58,43.42,0.02,2.82,7.72,60.35
18848,"Explain goals, policies, or procedures to staff members.",44.92,44.92,55.08,0.0,2.5,1.82,15.95
18853,Analyze employment-related data and prepare required reports.,61.29,61.29,38.71,0.0,3.28,6.76,37.46
18857,Contact job applicants to inform them of the status of their applications.,77.33,82.98,24.32,0.0,2.67,1.82,5.32
1886,Analyze laboratory findings to check the accuracy of the results.,55.74,55.74,44.26,0.0,2.65,2.25,21.87
18861,"Interpret and explain human resources policies, procedures, laws, standards, or regulations.",26.13,24.47,69.19,0.01,2.41,1.99,24.99
18866,"Prepare or maintain employment records related to events, such as hiring, termination, leaves, transfers, or promotions, using human resources management system software.",67.31,67.31,32.69,0.0,3.04,4.52,27.5
18872,"Advise management on organizing, preparing, or implementing recruiting or retention programs.",39.3,39.3,60.7,0.01,2.72,4.83,31.58
18877,Advise management on matters related to the administration of contracts or employee discipline or grievance procedures.,34.36,34.36,65.64,0.0,2.52,3.71,63.45
189,Prepare requests for proposals or statements of work.,37.83,40.48,66.53,0.01,3.14,11.61,53.45
18908,"Design or produce materials such as posters, Web sites, or newsletters to promote, market, or advertise fundraising events.",39.01,39.01,60.99,0.04,3.2,5.14,26.59
18912,Develop strategies to encourage new or increased contributions.,32.38,32.38,67.62,0.0,2.95,6.97,45.75
18915,Establish fundraising or participation goals for special events or specified time periods.,42.86,42.86,57.14,0.0,2.75,5.13,30.41
18924,"Write speeches, press releases, or other promotional materials to increase awareness of the causes, missions, or goals of organizations seeking funds.",29.54,29.54,70.46,0.02,2.75,5.49,40.72
18925,Compile or develop materials to submit to granting or other funding organizations.,34.46,39.77,75.65,0.0,2.89,6.75,44.6
18929,"Prepare materials such as fundraising envelopes, bid sheets, or gift bags for charitable events.",53.33,53.33,46.67,0.0,3.0,3.58,25.33
1893,"Provide technical information about test results to physicians, family members, or researchers.",55.0,55.0,45.0,0.0,2.67,3.81,61.15
18933,"Advise clients or respond to inquiries about financial matters in person or via phone, email, Web site, or Internet chat.",34.88,34.88,65.12,1.37,2.57,3.92,39.8
18934,"Assess clients' overall financial situations by reviewing income, assets, debts, expenses, credit reports, or other financial information.",55.25,55.1,44.62,0.0,2.68,6.43,47.08
18936,"Create debt management plans, spending plans, or budgets to assist clients to meet financial goals.",38.83,38.83,61.17,0.01,2.98,7.45,51.64
18937,"Estimate time for debt repayment, given amount of debt, interest rates, and available funds.",60.87,60.87,39.13,0.0,2.43,1.53,8.3
18938,"Explain services or policies to clients, such as debt management program rules, advantages and disadvantages of using services, or creditor concession policies.",32.59,29.73,61.5,0.0,2.39,1.96,21.79
18942,Prepare written documents to establish contracts with or communicate financial recommendations to clients.,35.52,35.52,64.48,0.04,2.9,5.64,39.98
18943,"Prioritize client debt repayment to avoid dire consequences, such as bankruptcy or foreclosure or to reduce overall costs, such as by paying high-interest or short-term loans first.",34.62,34.62,65.38,0.0,2.8,7.93,72.63
18944,"Recommend educational materials or resources to clients on matters, such as financial planning, budgeting, or credit.",24.39,24.39,75.61,0.0,2.76,4.44,30.63
18948,"Advise clients on housing matters, such as housing rental, homeownership, mortgage delinquency, or foreclosure prevention.",34.98,34.98,65.02,0.04,2.49,4.92,59.18
18952,"Explain general financial topics to clients, such as credit report ratings, bankruptcy laws, consumer protection laws, wage attachments, or collection actions.",7.47,7.47,92.53,0.01,2.65,1.79,17.97
18953,"Explain loan information to clients, such as available loan types, eligibility requirements, or loan restrictions.",23.08,23.08,76.92,0.0,2.38,2.66,32.67
18955,"Teach courses or seminars on topics, such as budgeting, management of personal finances, or financial literacy.",15.04,15.04,84.96,0.0,3.12,2.93,16.91
18958,Communicate with system users to ensure accounts are set up properly or to diagnose and solve operational problems.,84.43,84.43,15.57,0.0,2.23,1.21,46.43
18964,"Determine specific network hardware or software requirements, such as platforms, interfaces, bandwidths, or routine schemas.",48.94,48.94,51.06,0.0,2.75,5.58,98.0
18967,"Develop conceptual, logical, or physical network designs.",26.92,26.92,73.08,0.0,2.89,6.9,49.72
18971,"Develop or recommend network security measures, such as firewalls, network security audits, or automated security probes.",47.9,47.9,52.1,0.01,2.68,4.36,51.33
18974,Estimate time and materials needed to complete projects.,45.77,45.77,54.23,0.02,2.68,2.63,21.53
18976,Explain design specifications to integration or test engineers.,64.71,64.71,35.29,0.0,2.37,6.2,62.94
18979,"Monitor and analyze network performance and reports on data input or output to detect problems, identify inefficient use of computer resources, or perform capacity planning.",96.61,83.72,2.94,0.0,2.84,2.26,28.51
18981,Prepare design presentations and proposals for staff or customers.,26.87,26.87,73.13,0.0,2.81,6.54,54.48
18982,"Prepare detailed network specifications, including diagrams, charts, equipment configurations, or recommended technologies.",48.98,48.98,51.02,0.0,3.01,5.15,53.72
18984,Research and test new or modified hardware or software products to determine performance and interoperability.,56.76,56.76,43.24,0.0,2.84,3.28,33.38
18988,"Communicate with vendors to gather information about products, alert them to future needs, resolve problems, or address system maintenance issues.",43.75,43.75,56.25,0.0,2.81,6.63,76.81
18989,"Analyze network data to determine network usage, disk space availability, or server function.",90.2,90.2,9.8,0.0,2.83,1.95,29.36
18990,"Configure and define parameters for installation or testing of local area network (LAN), wide area network (WAN), hubs, routers, switches, controllers, multiplexers, or related networking equipment.",74.27,74.27,25.73,0.01,2.65,2.4,68.56
18991,Configure security settings or access permissions for groups or individuals.,78.66,78.66,21.34,0.01,2.55,3.39,34.83
18992,Configure wide area network (WAN) or local area network (LAN) routers or related equipment.,79.17,81.91,21.55,0.0,2.6,2.45,87.67
18997,"Install network software, including security or firewall software.",84.0,84.0,16.0,0.0,2.64,3.65,93.57
18998,"Install new hardware or software systems or components, ensuring integration with existing network systems.",94.53,96.17,5.56,0.01,2.66,3.82,105.1
19002,Troubleshoot network or connectivity problems for users or user groups.,93.42,93.42,6.58,0.03,2.51,2.38,73.32
19003,Analyze and report computer network security breaches or attempted breaches.,63.67,63.67,36.33,0.01,2.79,3.53,40.69
19005,"Create or revise user instructions, procedures, or manuals.",60.64,60.64,39.36,0.01,3.11,6.94,26.39
19007,Document help desk requests and resolutions.,62.5,62.5,37.5,0.0,2.63,1.77,33.58
19011,Research hardware or software products to meet technical networking or security needs.,35.1,35.1,64.9,0.0,2.55,4.03,39.97
19014,Train users in procedures related to network applications software or related systems.,72.22,72.22,27.78,0.0,2.7,3.49,83.14
19016,"Advise clients or community groups on issues related to diagnostic screenings, such as breast cancer screening, pap smears, glaucoma tests, or diabetes screenings.",27.62,27.62,72.38,0.01,2.52,1.37,15.54
19017,"Advise clients or community groups on issues related to improving general health, such as diet or exercise.",35.85,35.77,64.0,0.25,2.62,2.75,41.79
19018,"Advise clients or community groups on issues related to risk or prevention of conditions, such as lead poisoning, human immunodeficiency virus (HIV), prenatal substance abuse, or domestic violence.",22.41,22.41,77.59,0.02,2.61,0.82,11.91
19019,"Advise clients or community groups on issues related to sanitation or hygiene, such as flossing or hand washing.",34.3,34.3,65.7,0.01,2.46,0.64,11.52
19020,"Advise clients or community groups on issues related to self-care, such as diabetes management.",37.54,37.54,62.46,0.02,2.62,1.93,26.52
19021,"Advise clients or community groups on issues related to social or intellectual development, such as education, childcare, or problem solving.",31.69,31.61,68.15,0.03,2.7,2.23,30.2
19022,Advise clients or community groups to ensure parental understanding of the importance of childhood immunizations and how to access immunization services.,29.41,29.41,70.59,0.0,2.46,1.78,37.04
19030,"Interpret, translate, or provide cultural mediation related to health services or information for community members.",14.85,14.85,85.15,0.0,2.74,0.34,3.77
19031,"Maintain updated client records with plans, notes, appropriate forms, or related information.",67.07,67.07,32.93,0.0,2.74,4.91,51.19
19034,"Provide basic health services, such as first aid.",91.59,91.59,8.41,0.0,2.55,0.35,12.43
19035,Provide feedback to health service providers regarding improving service accessibility or acceptability.,30.26,30.52,70.35,0.01,2.77,3.88,34.87
1905,"Analyze and record test data to issue reports that use charts, graphs, or narratives.",44.83,44.83,55.17,0.0,2.81,6.17,45.86
19051,"Research laws, court decisions, documents, opinions, briefs, or other information related to cases before the court.",54.13,54.13,45.87,0.0,2.64,5.69,26.53
19052,"Review complaints, petitions, motions, or pleadings that have been filed to determine issues involved or basis for relief.",53.2,55.94,49.21,0.01,2.76,6.89,48.07
19057,"Enter information into computerized court calendar, filing, or case management systems.",95.65,95.65,4.35,0.0,3.26,1.81,14.52
19068,Develop or implement strategies to meet the needs of students with a variety of disabilities.,58.62,58.62,41.38,0.0,2.93,2.91,16.21
19070,Encourage students to explore learning opportunities or persevere with challenging tasks to prepare them for later grades.,64.0,64.0,36.0,0.0,2.7,1.46,48.69
19077,"Organize and supervise games or other recreational activities to promote physical, mental, or social development.",31.71,31.71,68.29,0.0,2.9,6.64,37.83
19078,"Plan and supervise experiential learning activities, such as class projects, field trips, or demonstrations.",47.37,47.37,52.63,0.0,3.02,2.13,14.27
19080,"Prepare objectives, outlines, or other materials for courses of study, following curriculum guidelines or requirements.",39.9,39.9,60.1,0.07,2.93,9.13,43.0
19081,"Present information in audio-visual or interactive formats, using computers, television, audio-visual aids, or other equipment, materials, or technologies.",53.9,53.9,46.1,0.0,3.27,7.85,20.26
19097,Prepare reports on students and activities as required by administration.,45.68,45.68,54.32,0.0,2.65,3.7,36.84
19139,Analyze data to determine the effectiveness of treatments or therapy approaches.,44.12,44.12,55.88,0.0,2.58,4.11,34.99
19150,"Interpret the artistic creations of clients to assess their functioning, needs, or progress.",45.0,45.0,55.0,0.0,2.85,5.6,85.7
19153,"Talk with clients during art or other therapy sessions to build rapport, acknowledge their progress, or reflect upon their reactions to the artistic process.",,,,0.0,2.89,1.17,47.56
19154,"Write treatment plans, case summaries, or progress or other reports related to individual clients or client groups.",39.9,39.9,60.1,0.01,2.69,4.74,43.64
19158,"Gather client information from sources such as case documentation, client observation, or interviews of client or family members.",,,,0.0,2.5,1.8,26.75
19165,Analyze data to determine the effectiveness of specific treatments or therapy approaches.,44.12,44.12,55.88,0.0,2.76,6.24,51.5
19166,Analyze or synthesize client data to draw conclusions or make recommendations for therapy.,40.51,40.51,59.49,0.05,2.77,4.73,61.07
19167,"Assess client functioning levels, strengths, and areas of need in terms of perceptual, sensory, affective, communicative, musical, physical, cognitive, social, spiritual, or other abilities.",36.23,36.23,63.77,0.0,2.86,3.62,40.56
19174,"Gather diagnostic data from sources such as case documentation, observations of clients, or interviews with clients or family members.",60.0,60.0,40.0,0.0,2.65,2.7,76.59
19181,"Communicate with clients to build rapport, acknowledge their progress, or reflect upon their reactions to musical experiences.",,,,0.0,2.88,1.34,112.24
19182,"Document evaluations, treatment plans, case summaries, or progress or other reports related to individual clients or client groups.",43.78,43.78,56.22,0.01,2.8,4.56,41.45
19189,Apply selected research findings to practice.,33.78,33.78,66.22,0.0,2.43,2.63,19.39
19192,Demonstrate correct use of exercise equipment or performance of exercise routines.,49.5,49.5,50.5,0.01,2.74,1.6,19.82
19193,"Develop exercise programs to improve participant strength, flexibility, endurance, or circulatory functioning, in accordance with exercise science standards, regulatory requirements, and credentialing requirements.",41.62,41.62,58.38,0.04,3.0,4.72,46.74
19195,Interpret exercise program participant data to evaluate progress or identify needed program changes.,54.26,54.26,45.74,0.0,2.69,2.99,48.29
19201,Recommend methods to increase lifestyle physical activity.,45.23,45.23,54.77,0.03,2.69,4.48,69.5
19203,Assess physical performance requirements to aid in the development of individualized recovery or rehabilitation exercise programs.,40.0,40.0,60.0,0.0,2.62,2.14,35.91
19205,"Educate athletes or coaches on techniques to improve athletic performance, such as heart rate monitoring, recovery techniques, hydration strategies, or training limits.",43.2,43.2,56.8,0.1,2.65,2.92,46.9
19222,"Explain magnetic resonance imaging (MRI) procedures to patients, patient representatives, or family members.",15.08,12.5,70.37,0.0,2.44,1.16,27.06
19238,Write reports or notes to summarize testing procedures or outcomes for physicians or other medical professionals.,46.3,46.3,53.7,0.0,2.76,4.1,41.56
19263,Calculate corrections for refractive errors.,88.68,88.68,11.32,0.0,1.78,0.31,1.95
19328,"Observe or examine patients to detect symptoms that may require medical attention, such as bruises, open wounds, or blood in urine.",56.99,56.99,43.01,0.01,2.64,0.51,11.34
19336,"Review patients' dietary restrictions, food allergies, and preferences to ensure patient receives appropriate diet.",40.68,40.68,59.32,0.0,2.63,9.14,103.41
19345,Explain medical instructions to patients or family members.,23.41,23.41,76.59,0.08,2.52,1.18,20.15
19347,"Provide information, such as directions, visiting hours, or patient status information to visitors or callers.",41.6,41.6,58.4,0.33,2.45,0.68,7.38
19350,Carry messages or documents between departments.,82.93,82.93,17.07,0.0,2.38,1.17,13.67
19412,"Complete reports related to project status, progress, or other work details, using computer software.",86.02,86.02,13.98,0.03,3.35,3.52,17.93
19435,Maintain time or production records.,77.78,77.78,22.22,0.0,2.44,3.91,45.22
19448,"Maintain records, such as daily production records, using specified forms.",93.33,93.33,6.67,0.0,3.07,,88.8
19472,"Maintain records, such as quantities or types of processing completed, materials used, or customer charges.",64.71,64.71,35.29,0.0,2.88,5.59,61.56
19476,"Operate scanners or related computer equipment to digitize negatives, photographic prints, or other images.",90.91,90.91,9.09,0.0,2.51,0.51,4.57
19500,Upload digital images onto Web sites for customers.,89.07,93.18,11.43,0.0,3.29,1.49,6.84
19549,Develop strategies to advertise green products or merchandise to consumers.,36.73,36.73,63.27,0.0,3.1,5.27,25.65
19590,Calculate potential energy savings by comparing estimated energy consumption of proposed design to baseline standards.,33.25,38.89,78.08,0.0,2.78,7.49,50.93
19643,"Prepare environmental impact statements, reports, or presentations for regulatory or other agencies.",51.43,51.43,48.57,0.0,3.34,12.38,34.6
19649,Analyze the financial impacts of sustainable manufacturing processes or sustainable product manufacturing.,34.21,34.21,65.79,0.0,2.72,6.32,23.81
19759,"Formulate predictions by interpreting environmental data, such as meteorological, atmospheric, oceanic, paleoclimate, climate, or related information.",38.3,38.3,61.7,0.0,2.72,2.37,17.3
19778,"Identify opportunities or develop plans for sustainability projects or programs to improve energy efficiency, minimize pollution or waste, or restore natural systems.",50.0,50.0,50.0,0.0,3.18,10.84,67.79
19811,"Develop plans or materials to communicate organizational activities that are beneficial to the environment, public safety, or other important social issues.",38.58,39.12,62.27,0.04,2.98,7.49,38.45
19825,"Inform customers about issues related to responsible use and disposal of products, such as waste reduction or product or byproduct recycling or disposal.",52.53,52.53,47.47,0.0,2.35,0.57,11.14
19826,Present information to customers about the energy efficiency or environmental impact of scientific or technical products.,21.93,21.93,78.07,0.0,2.55,2.21,18.07
19923,"Plan or adjust routes based on changing conditions, using computer equipment, global positioning systems (GPS) equipment, or other navigation devices, to minimize fuel consumption and carbon emissions.",54.29,54.29,45.71,0.0,2.62,1.03,8.27
19967,"Conduct analyses to determine the maximum amount of work that can be accomplished for a given amount of energy in a system, such as industrial production systems and waste treatment systems.",21.74,21.74,78.26,0.0,2.83,8.35,38.17
19971,Examine societal issues and their relationship with both technical systems and the environment.,21.62,21.62,78.38,0.0,3.17,4.12,41.56
19977,Prepare plans to manage renewable resources.,43.75,43.75,56.25,0.0,3.13,6.22,30.56
19999,Prepare logistic strategies or conceptual designs for production facilities.,35.06,35.06,64.94,0.0,2.96,8.17,50.3
2,Monitor customer preferences to determine focus of sales efforts.,59.09,59.09,40.91,0.0,2.72,1.95,12.2
20,Set goals and deadlines for the department.,27.27,27.27,72.73,0.0,3.03,8.82,45.29
20051,"Provide litigation support, such as writing reports for expert testimony or testifying as an expert witness.",33.33,33.33,66.67,0.0,3.07,14.27,41.47
20061,"Prepare materials for laboratory activities and course materials, such as syllabi, homework assignments, and handouts.",51.29,53.42,50.73,0.01,3.18,6.6,25.79
20062,Assist students who need extra help with their coursework outside of class.,30.7,30.7,69.3,0.18,2.38,3.15,50.72
20064,Review papers for publication in journals.,36.83,36.83,63.17,0.02,2.88,6.36,37.75
20066,Review papers for colleagues and scientific journals.,28.19,29.19,74.35,0.04,2.78,4.66,33.24
20067,Provide information to the public by leading workshops and training programs and by developing educational materials.,35.56,35.56,64.44,0.0,3.0,6.35,43.56
20069,"Review papers or serve on editorial boards for scientific journals, and review grant proposals for federal agencies.",40.0,40.0,60.0,0.0,3.07,8.17,25.07
20074,"Review papers or serve on editorial boards for scientific journals, and review grant proposals for various agencies.",47.62,47.62,52.38,0.0,2.79,7.05,36.05
20076,"Conduct research in a particular field of knowledge and present findings in professional journals, books, electronic media, or at professional conferences.",25.35,25.35,74.65,0.0,2.96,10.64,36.0
20078,Review manuscripts for publication in books and professional journals.,17.58,17.58,82.42,0.08,2.82,6.55,64.26
20080,"Develop and use multimedia course materials and other current technology, such as online courses.",42.86,42.86,57.14,0.0,3.29,17.72,42.14
20081,"Provide clinical services to clients, such as assessing psychological problems and conducting psychotherapy.",45.83,45.83,54.17,0.0,2.88,3.19,69.33
20083,Review books and journal articles for potential publication.,29.77,29.77,70.23,0.01,2.9,3.57,35.92
20095,Write original literary pieces.,35.93,35.93,64.07,0.06,2.83,8.08,51.99
20105,Write articles and books.,46.8,46.99,53.41,0.34,2.95,11.36,41.79
20109,"Provide training direction, encouragement, motivation, and nutritional advice to prepare athletes for games, competitive events, or tours.",65.0,65.0,35.0,0.0,2.45,6.24,106.2
20110,Teach instructional courses and advise students.,40.62,41.67,60.92,0.0,2.63,4.44,64.25
20115,"Counsel student athletes on academic, athletic, and personal issues.",44.64,44.64,55.36,0.0,2.76,2.46,85.32
20135,"Research various topics, including site history, environmental conditions, and clients' skills and abilities to plan appropriate expeditions, instruction, and commentary.",46.01,47.1,55.26,0.01,2.65,2.09,25.53
20137,Develop and coordinate educational programs for residents.,43.86,43.86,56.14,0.0,3.0,6.78,31.12
20155,Keep records of employees' attendance and hours worked.,73.68,73.68,26.32,0.0,3.16,5.16,39.86
20157,Perform quality checks on products and parts.,38.82,38.82,61.18,0.0,2.62,2.94,49.95
20172,"Prepare budgets, bids, or contracts.",35.96,35.96,64.04,0.01,3.23,8.1,35.63
20173,"Assess project feasibility by analyzing technology, resource needs, or market demand.",46.29,46.64,54.12,0.03,2.93,7.13,33.79
20176,"Develop or implement policies, standards, or procedures for engineering and technical work.",41.18,41.18,58.82,0.0,2.97,14.68,78.42
20182,"Recommend to clients strategies in cash management, insurance coverage, investment planning, or other areas to help them achieve their financial goals.",40.0,40.0,60.0,0.02,2.77,7.17,55.41
20188,Monitor financial market trends to ensure that client plans are responsive.,61.99,61.99,38.01,0.04,2.68,9.06,75.65
20189,"Recommend financial products, such as stocks, bonds, mutual funds, or insurance.",50.97,50.97,49.03,0.05,2.83,5.59,33.98
20194,"Present statistical and nonstatistical results, using charts, bullets, and graphs, in meetings or conferences to audiences such as clients, peers, and students.",34.62,34.62,65.38,0.0,2.74,3.6,34.37
20197,"Prepare, maintain, or revise quality assurance documentation or procedures.",49.0,49.95,51.98,0.02,3.09,10.62,38.21
20200,"Conduct research to develop methodologies, instrumentation, and procedures for medical application, analyzing data and presenting findings to the scientific audience and general public.",17.19,17.19,82.81,0.0,2.81,3.3,16.51
20209,"Interpret data, reports, maps, photographs, or charts to predict long- or short-range weather conditions, using computer models and knowledge of climate theory, physics, and mathematics.",53.72,54.17,46.67,0.0,2.53,4.53,37.55
20214,"Prepare reports, manuscripts, proposals, and technical manuals for use by other scientists and requestors, such as sponsors and customers.",53.64,53.64,46.36,0.0,3.26,17.22,50.25
20226,"Write articles, white papers, or reports to share research findings and educate others.",43.24,43.24,56.76,0.0,3.14,23.75,37.36
20227,"Develop new business by contacting potential clients, making sales presentations, and writing proposals.",46.81,46.81,53.19,0.0,2.43,4.99,72.29
20229,Coach senior executives and managers on leadership and performance.,48.55,48.55,51.45,0.0,2.96,5.47,72.22
20230,Provide advice on best practices and implementation for selection.,40.4,41.03,60.52,0.04,2.65,3.88,45.01
20232,"Develop and implement individualized treatment plans addressing family relationship problems, destructive patterns of behavior, and other personal issues.",37.5,37.5,62.5,0.0,3.0,6.44,77.06
20237,Design and administer training programs for new employees and continuing education for existing employees.,55.56,55.56,44.44,0.0,3.37,11.47,50.53
20238,"Apply relevant laws, regulations, policies, or precedents to reach conclusions.",39.11,39.11,60.89,0.05,2.61,5.71,36.48
20242,"Research current trends and new technology, such as printing production techniques, computer software, and design trends.",42.23,42.23,57.77,0.01,2.92,4.91,26.28
20243,Develop or maintain online help documentation.,51.99,51.99,48.01,0.02,2.93,6.32,40.44
20250,Recommend corrective measures to be applied based on results of environmental contaminant analyses.,63.16,63.16,36.84,0.0,2.68,1.53,18.89
20259,"Make reservations for patrons, such as for dinner, spa treatments, or golf tee times, and obtain tickets to special events.",94.44,94.44,5.56,0.0,2.89,0.56,4.72
20260,Provide directions to guests.,77.14,77.14,22.86,0.0,2.6,0.89,23.6
20268,Negotiate details of contracts and payments.,34.28,31.67,60.71,0.0,2.38,2.4,49.18
20271,Track delivery progress of shipments.,96.78,100.0,3.33,0.0,2.9,0.88,9.84
20280,"Use computers for various applications, such as database management or word processing.",92.31,92.31,7.69,0.01,3.17,1.12,13.18
20281,"Create, maintain, and enter information into databases.",82.89,82.89,17.11,0.25,3.05,3.56,21.28
20284,"Compose, type, and distribute meeting notes, routine correspondence, or reports, such as presentations or expense, statistical, or monthly reports.",66.67,66.67,33.33,0.0,2.73,1.99,15.48
20288,Develop or maintain internal or external company Web sites.,57.73,57.73,42.27,0.09,3.21,15.31,76.95
2029,"Explain treatment procedures, medications, diets, or physicians' instructions to patients.",26.47,26.47,73.53,0.07,2.5,1.59,27.02
20290,"Prepare conference or event materials, such as flyers or invitations.",43.92,43.92,56.08,0.04,3.12,4.63,23.27
20297,Evaluate machining procedures and recommend changes or modifications for improved efficiency or adaptability.,20.0,20.0,80.0,0.0,2.78,3.24,37.62
20300,"Recommend necessary corrective actions, based on inspection results.",31.57,31.57,68.43,0.13,2.74,5.77,65.7
20318,Assist in setting up or optimizing analytics tools for tracking visitors' behaviors.,50.0,50.0,50.0,0.0,3.18,17.33,73.12
20319,Combine secondary data sources with keyword research to more accurately profile and satisfy user intent.,61.98,61.98,38.02,0.0,3.02,8.39,44.77
20320,"Coordinate with developers to optimize Web site architecture, server configuration, or page construction for search engine consumption and optimal visibility.",35.0,35.0,65.0,0.0,2.95,11.5,67.76
20322,Evaluate new emerging media or technologies and make recommendations for their application within Internet marketing or search marketing campaigns.,50.17,50.17,49.83,0.01,2.88,6.84,50.26
20326,Identify appropriate Key Performance Indicators (KPIs) and report key metrics from digital campaigns.,38.16,48.0,77.78,0.0,3.04,7.32,60.83
20329,"Optimize digital assets, such as text, graphics, or multimedia assets, for search engine optimization (SEO) or for display and usability on internet-connected devices.",46.71,40.29,45.96,0.01,3.13,15.0,55.86
20330,Optimize shopping cart experience or Web site conversion rates against Key Performance Indicators (KPIs).,46.88,46.88,53.13,0.0,3.09,9.03,47.06
20334,"Prepare contracts or negotiate revisions to contractual agreements with architects, consultants, clients, suppliers, or subcontractors.",,,,0.0,2.73,3.23,29.6
20336,"Interpret and explain plans and contract terms to representatives of the owner or developer, including administrative staff, workers, or clients.",34.21,34.21,65.79,0.0,2.36,1.72,14.38
20337,Apply for and obtain all necessary permits or licenses.,79.93,75.86,19.05,0.0,2.86,5.71,30.1
2034,Schedule appointments for patients.,76.92,76.92,23.08,0.0,2.68,1.19,17.61
20363,Answer questions and provide future tax planning to clients.,27.88,27.88,72.12,0.0,2.95,13.22,76.19
20364,Explain federal and state tax laws to individuals and companies.,28.96,28.96,71.04,0.02,2.31,2.17,26.54
20371,"Analyze data on conditions such as site location, drainage, or structure location for environmental reports or landscaping plans.",63.57,72.22,41.38,0.0,2.89,4.98,34.77
20372,"Develop marketing materials, proposals, or presentations to generate new work opportunities.",68.42,68.42,31.58,0.0,3.0,3.86,25.68
20382,Provide follow-up consultations for clients to ensure landscape designs are maturing or developing as planned.,78.26,78.26,21.74,0.0,2.28,3.1,70.59
20383,"Prepare and write reports detailing specific fire prevention and protection issues, such as work performed, revised codes or standards, and proposed review schedules.",39.36,33.33,51.35,0.0,3.1,10.95,49.59
20400,Review forensic analysts' reports for technical merit.,28.57,28.57,71.43,0.0,2.43,0.74,8.67
20402,Perform crisis interventions with clients.,46.14,48.89,57.06,0.01,3.34,3.7,112.76
20414,"Provide consultation to other health care providers in areas such as patient discharge, patient care, or clinical procedures.",33.87,33.87,66.13,0.01,2.46,1.99,21.57
20417,Design patient education programs that include information required to make informed health care and treatment decisions.,36.67,36.67,63.33,0.0,3.13,10.54,45.34
20420,Teach patient education programs that include information required to make informed health care and treatment decisions.,44.78,44.78,55.22,0.0,2.84,4.51,16.57
20421,"Conduct nutritional assessments of individuals, including obtaining and evaluating individuals' dietary histories, to plan nutritional programs.",63.8,61.82,35.07,0.01,2.5,5.99,122.75
20423,"Discuss medical health of pets with clients, such as post-operative status.",47.06,47.06,52.94,0.0,2.53,1.46,36.24
20427,"Perform various data entry or word processing tasks, such as updating phone directories, typing or proofreading documents, or creating schedules.",86.23,86.23,13.77,0.0,2.27,1.37,5.31
20449,Estimate cost of completed work or of needed renovations or upgrades.,50.0,50.0,50.0,0.0,2.75,6.56,26.88
20461,"Review and analyze legislation, laws, or public policy and recommend changes to promote or support interests of the general population or special groups.",30.77,30.77,69.23,0.01,2.79,7.42,38.02
20474,"Design, plan, organize, or direct orientation and training programs for employees or customers.",50.48,44.91,44.06,0.01,3.16,10.86,32.48
20475,"Obtain, organize, or develop training procedure manuals, guides, or course materials, such as handouts or visual materials.",48.79,48.79,51.21,0.11,3.13,10.33,42.84
20479,"Prepare scale drawings or architectural designs, using computer-aided design or other tools.",44.83,44.83,55.17,0.0,3.33,4.43,18.72
20486,Plan layouts of structural architectural projects.,38.25,38.25,61.75,0.01,3.18,8.41,45.34
20488,"Create three-dimensional or interactive representations of designs, using computer-assisted design software.",56.3,56.3,43.7,0.0,3.44,7.03,27.18
20489,"Provide technical advice to industrial or managerial personnel regarding design, construction, program modifications, or structural repairs.",31.25,31.81,69.99,0.03,2.74,6.79,50.41
20492,"Analyze survey reports, maps, drawings, blueprints, aerial photography, or other topographical or geologic data.",45.59,45.59,54.41,0.0,2.71,3.72,32.06
20493,Determine project material or equipment needs.,34.62,34.62,65.38,0.0,2.63,4.34,31.52
20495,"Analyze electronics system requirements, capacity, cost, or customer needs to determine project feasibility.",30.0,30.0,70.0,0.0,2.64,5.9,36.38
20498,"Recommend repair or design modifications of electronics components or systems, based on factors such as environment, service, cost, or system capabilities.",32.79,32.79,67.21,0.0,2.59,5.34,64.32
20499,Provide technical support or instruction to staff or customers regarding electronics equipment standards.,32.56,32.56,67.44,0.12,2.43,1.98,33.54
20500,"Prepare budget or cost estimates for equipment, construction, or installation projects or control expenditures.",45.0,45.0,55.0,0.0,3.0,4.19,23.6
20554,Write press releases or other media communications to promote clients.,32.65,32.65,67.35,0.01,2.67,4.28,39.12
20555,"Plan or direct development or communication of programs to maintain favorable public or stockholder perceptions of an organization's accomplishments, agenda, or environmental responsibility.",31.37,31.37,68.63,0.0,2.88,11.43,65.37
20557,"Prepare or edit organizational publications, such as employee newsletters or stockholders' reports, for internal or external audiences.",39.28,39.28,60.72,0.16,2.91,4.65,29.04
20558,"Transfer photographs to computers for editing, archiving, and electronic transmission.",82.87,82.87,17.13,0.01,2.61,1.56,7.82
20560,Write photograph captions.,36.36,36.36,63.64,0.02,2.62,5.21,55.84
20598,"Attend to the needs of the bereaved, such as by offering comfort, counseling, or after-care programs.",41.55,41.55,58.45,0.01,2.95,2.83,85.3
20599,"Perform various administrative tasks, such as typing documents or answering telephone calls.",88.04,88.04,11.96,0.01,2.13,0.57,6.84
20607,Prepare obituaries for newspapers.,36.36,36.36,63.64,0.0,2.78,2.83,22.17
20609,Contact new or existing customers to discuss how specific products or services can meet their needs.,68.74,69.05,31.4,0.01,3.04,3.38,26.31
20610,"Select or assist customers in selecting products based on customer needs, product specifications, and applicable regulations.",38.75,38.75,61.25,0.04,2.5,3.09,48.4
20612,"Identify prospective customers, using business directories, leads from existing clients, participation in organizations, or trade show or conference attendance.",71.26,64.29,25.93,0.0,3.22,8.25,24.43
20613,Advise customers on product usage to improve production.,48.81,48.81,51.19,0.03,2.56,2.14,42.31
20619,Verify accuracy of materials lists.,55.56,55.56,44.44,0.0,2.78,2.71,15.42
20627,"Input data, such as file numbers, new or updated information, or document information codes into computer systems to support document and information retrieval.",83.87,81.93,15.76,0.01,2.85,2.32,12.95
20630,"Find, retrieve, and make copies of information from files in response to requests and deliver information to authorized users.",77.46,77.46,22.54,0.07,2.7,2.79,17.57
20681,Review and edit standard operating procedures.,53.85,53.85,46.15,0.0,3.0,5.29,45.5
20693,Check all load-related documentation for completeness and accuracy.,80.0,80.0,20.0,0.0,2.75,3.21,20.11
20699,"Review financial statements, sales or activity reports, or other performance data to measure productivity or goal achievement or to identify areas needing cost reduction or program improvement.",61.38,61.38,38.62,0.03,2.83,6.95,57.91
20701,Prepare staff work schedules and assign specific duties.,35.0,35.0,65.0,0.0,3.2,2.91,21.75
20704,"Establish or implement departmental policies, goals, objectives, or procedures in conjunction with board members, organization officials, or staff members.",35.29,35.29,64.71,0.0,3.06,14.23,51.44
20709,"Formulate, direct, or coordinate marketing activities or policies to promote products or services, working with advertising or promotion managers.",34.92,34.92,65.08,0.01,3.07,17.68,74.06
20713,"Recommend mark-up rates, mark-down rates, or merchandise selling prices.",35.32,35.32,64.68,0.04,2.73,7.19,66.32
20716,"Inspect merchandise or products to determine quality, value, or yield.",76.4,76.4,23.6,0.0,2.54,1.05,14.84
20725,"Evaluate product data or design from inspections or reports for conformance to engineering principles, customer requirements, environmental regulations, or quality standards.",43.53,43.53,56.47,0.03,2.79,5.12,32.64
20726,"Develop design criteria for aeronautical or aerospace products or systems, including testing methods, production costs, quality standards, environmental standards, or completion dates.",31.58,31.58,68.42,0.0,2.85,6.49,114.2
20727,Diagnose performance problems by reviewing reports or documentation from customers or field engineers or by inspecting malfunctioning or damaged products.,77.86,77.86,22.14,0.0,2.75,2.8,38.49
20730,Investigate customer or public complaints to determine the nature and extent of problems.,60.42,60.42,39.58,0.0,2.9,1.28,27.43
20734,Investigate equipment failures or difficulties to diagnose faulty operation and recommend remedial actions.,85.7,85.7,14.3,0.03,2.81,3.71,59.11
20735,"Develop or test models of alternate designs or processing methods to assess feasibility, sustainability, operating condition effects, potential new applications, or necessity of modification.",29.67,29.67,70.33,0.01,2.97,9.82,73.02
20737,"Assist drafters in developing the structural design of products, using drafting tools or computer-assisted drafting equipment or software.",40.0,40.0,60.0,0.0,3.0,4.88,52.45
20740,Solicit new business.,84.21,84.21,15.79,0.0,3.29,2.49,19.32
20741,Provide technical customer service.,53.26,53.26,46.74,0.19,2.37,1.03,21.29
20748,Plan or lead religious education programs.,32.2,32.2,67.8,0.0,3.03,9.18,39.17
20758,"Conduct personal background investigations, such as pre-employment checks, to obtain information about an individual's character, financial status, or personal history.",73.47,73.47,26.53,0.0,2.8,3.41,17.18
20759,Recommend treatment and prevention methods for pest problems to clients.,64.13,64.13,35.87,0.01,2.5,1.14,22.15
20763,Apply customer feedback to service improvement efforts.,27.78,27.78,72.22,0.0,2.78,6.82,45.06
20766,Assist patrons by giving directions to points in or outside of the facility or providing information about local attractions.,73.4,73.4,26.6,0.0,2.87,0.84,14.37
20792,Determine materials needed to complete the job and place orders accordingly.,33.33,33.33,66.67,0.0,2.6,4.27,47.27
20802,Explain proper operation of vehicle systems to customers.,28.64,28.64,71.36,0.01,2.35,0.39,8.65
20819,"Check products for quality, and identify damaged or expired goods.",64.6,58.75,32.19,0.0,2.3,0.23,4.13
20838,"Provide customer assistance and information, such as giving directions or handling wheelchairs.",84.37,84.38,15.63,0.0,2.57,0.86,26.86
20854,Identify and recommend energy savings strategies to achieve more energy-efficient operation.,48.9,52.0,54.35,0.0,2.72,6.82,13.08
20857,"Advise clients or colleagues on topics such as climate control systems, energy modeling, data logging, sustainable design, or energy auditing.",55.56,55.56,44.44,0.0,2.76,2.86,23.62
20861,Prepare energy-related project reports or related documentation.,42.5,43.67,59.08,0.01,3.16,11.21,45.33
20866,Plan and organize public events at the park.,62.07,62.07,37.93,0.0,2.79,2.44,19.43
20867,Develop environmental educational programs and curricula for schools.,38.89,38.89,61.11,0.0,3.37,7.63,41.89
20876,"Prepare reports in graphical or tabular form, summarizing field productivity or profitability.",47.83,47.83,52.17,0.0,3.09,9.03,60.39
20877,"Prepare, draft, and review legal documents, such as wills, deeds, patent applications, mortgages, leases, and contracts.",38.64,38.64,61.36,0.08,3.01,7.58,40.13
20878,Tutor or mentor students who need additional instruction.,20.24,20.24,79.76,0.17,2.41,3.66,66.28
20888,Develop story lines for broadcasts.,28.45,28.45,71.55,0.03,2.75,9.79,83.41
20889,Write and edit video and scripts for broadcasts.,39.46,38.95,59.77,0.06,2.63,5.95,41.26
20895,Respond to medical emergencies by administering basic first aid or by obtaining assistance from paramedics.,95.24,95.24,4.76,0.0,2.71,0.37,8.61
20908,"Archive documents, conduct research, and read copy, using the internet and various computer programs.",66.68,66.68,33.32,0.28,3.17,6.97,29.59
20922,Perform preventative maintenance or minor repairs on machines.,75.0,75.0,25.0,0.0,2.44,0.38,13.69
20948,Forecast material costs or develop standard cost lists.,62.5,62.5,37.5,0.0,2.9,3.87,22.7
20950,Troubleshoot program and system malfunctions to restore normal functioning.,90.45,90.45,9.55,0.93,2.84,6.55,78.08
20952,Present the results of mathematical modeling and data analysis to management or other end users.,73.33,73.33,26.67,0.0,2.6,2.78,12.53
20956,"Prepare technical reports of findings or recommendations, based on synthesized analyses of test results.",61.32,61.32,38.68,0.01,3.0,8.59,41.47
20962,"Determine root causes of failures or recommend changes in designs, tolerances, or processing methods, using statistical procedures.",61.85,61.85,38.15,0.01,2.72,6.79,52.7
20963,Design tests of finished products or process capabilities to establish standards or validate process requirements.,51.51,39.13,36.84,0.0,3.05,10.73,35.47
20964,"Produce three-dimensional models, using computer-aided design (CAD) software.",48.18,48.18,51.82,0.01,3.45,6.5,27.6
20976,"Interpret data from traffic modeling software, geographic information systems, or associated databases.",73.33,73.33,26.67,0.0,2.75,2.95,24.56
20978,Evaluate transportation project needs or costs.,27.66,27.66,72.34,0.0,2.73,5.12,28.0
20979,Prepare necessary documents to obtain planned project approvals or permits.,53.85,53.85,46.15,0.0,3.04,4.34,45.86
20981,Input data into databases.,90.45,90.91,9.6,0.0,3.54,3.97,18.74
20995,Teach artistic techniques to children or adults.,24.73,24.73,75.27,0.0,2.99,3.28,57.6
21,Prepare and review operational reports and schedules to ensure accuracy and efficiency.,94.21,94.21,5.79,0.03,3.22,1.43,5.64
21000,"Write text, such as stories, articles, editorials, or newsletters.",40.26,40.26,59.74,0.78,2.77,5.15,38.44
21010,"Assess the needs and interests of individuals and groups and plan activities accordingly, given the available equipment or facilities.",61.91,61.91,38.09,0.07,2.62,1.63,15.97
21011,Document individuals' progress toward meeting their treatment goals.,52.63,54.72,49.25,0.01,2.57,5.1,58.68
21012,Develop treatment goals for individuals based on their assessments.,39.37,39.37,60.63,0.01,2.94,6.83,65.76
21014,"Manage schedules and set dates, times, and locations for meetings and appointments.",74.43,74.43,25.57,0.01,2.74,1.54,20.62
21039,Develop cost reduction strategies and savings plans.,41.38,41.38,58.62,0.0,2.97,10.84,57.08
21041,Design or use assessments to monitor student learning outcomes.,57.96,57.96,42.04,0.01,3.21,6.54,20.12
21042,Prepare reports on academic or institutional data.,64.2,64.2,35.8,0.0,3.1,4.55,22.16
21045,"Examine documents to determine degree of risk from factors such as applicant health, financial standing and value, and condition of property.",66.67,66.67,33.33,0.0,2.8,4.28,48.47
21049,Develop Web sites.,51.9,51.84,48.05,0.5,3.34,11.94,42.61
21055,Write reports or proposals related to photonics research or development projects.,40.91,40.91,59.09,0.0,3.14,13.2,47.14
21063,Develop or write Individualized Education Programs (IEPs) for students.,33.33,33.33,66.67,0.0,3.13,7.03,40.79
21072,Help customers find the location of products.,77.6,77.6,22.4,0.02,2.55,0.64,7.05
21078,"Prepare, proofread, or process legal documents, such as summonses, subpoenas, complaints, appeals, motions, or pretrial agreements.",45.01,44.47,54.34,0.04,2.88,6.15,44.69
21088,"Discuss emerging compliance issues to ensure that management and employees are informed about compliance reporting systems, policies, and practices.",30.64,30.64,69.36,0.02,2.71,6.11,43.15
21090,"Keep informed regarding pending industry changes, trends, or best practices.",44.0,44.0,56.0,0.0,3.11,3.24,11.9
21091,Direct the development or implementation of policies and procedures related to compliance throughout an organization.,55.0,55.0,45.0,0.0,3.33,14.5,29.05
21092,"Develop risk management strategies based on assessment of product, compliance, or operational risks.",49.57,49.57,50.43,0.0,2.86,8.42,46.83
21094,"Identify relevant guidance documents, international standards, or consensus standards.",40.68,40.68,59.32,0.01,2.83,7.91,35.63
21096,Recommend adjudication of product complaints.,57.38,57.38,42.62,0.0,2.52,3.43,56.23
21100,"Determine whether statistical methods are appropriate, based on user needs or research questions of interest.",23.48,23.48,76.52,0.01,2.45,3.7,55.19
21101,Prepare and structure data warehouses for storing data.,71.52,75.0,29.87,0.0,2.84,9.05,99.18
21104,Develop computer programs to collect meteorological data or to present meteorological information.,65.38,65.38,34.62,0.0,3.06,7.8,48.77
21106,Explain economic impact of policies to the public.,22.82,22.82,77.18,0.01,2.54,2.69,21.64
21109,Develop and maintain Web sites for online courses.,62.96,62.96,37.04,0.0,2.97,19.54,79.86
21110,Develop department and course schedules.,46.75,43.9,50.0,0.0,2.93,4.62,23.9
21112,Review manuscripts for professional journals.,25.52,26.26,76.62,0.0,2.8,8.5,59.69
21127,Teach writing or communication classes.,22.3,20.56,71.65,0.0,2.84,3.66,54.03
21128,Schedule courses.,62.9,62.9,37.1,0.0,3.03,2.9,17.08
21130,Review manuscripts for publication in professional journals.,27.72,27.72,72.28,0.01,2.8,8.61,59.78
21145,Develop and maintain log of surveillance observations.,92.0,92.0,8.0,0.0,3.21,2.17,26.78
21151,Greet customers and make them feel welcome.,,,,0.03,2.22,0.27,1.07
21165,Schedule appointments with clients.,42.86,42.86,57.14,0.0,2.24,2.64,41.67
21168,Write grant proposals to obtain funding for research.,20.23,15.22,60.0,0.0,3.0,12.48,67.06
21171,Mentor graduate students and junior colleagues.,18.83,18.83,81.17,0.01,2.72,8.15,89.04
21175,Write research papers for publication in scientific journals.,40.43,40.43,59.57,0.05,3.0,15.36,58.51
21176,"Review environmental, historical, or technical reports and publications for accuracy.",22.58,22.58,77.42,0.0,2.81,4.37,21.63
21180,Develop and implement behavioral management and care plans for clients.,41.52,41.3,58.18,0.0,2.96,7.09,49.45
21187,Teach residents or medical students about pediatric topics.,37.54,38.89,64.71,0.0,2.62,5.52,36.02
21188,Provide coaching and mentoring to other caregivers to help facilitate their professional growth and development.,33.33,33.33,66.67,0.0,2.63,2.93,65.63
21192,"Document patient information, such as notes on their progress.",51.57,51.57,48.43,0.01,2.64,3.78,55.81
21200,Conduct presentations of analytic findings.,51.69,51.69,48.31,0.0,2.79,2.91,15.53
21207,Evaluate employee performance.,43.2,47.83,62.9,0.0,2.8,2.36,22.85
21217,Analyze marketing or sales trends to forecast future conditions.,49.33,50.0,51.35,0.0,2.78,5.7,31.2
21220,"Conduct research on consumer opinions and buying habits, and identify target audiences for products, services, or technologies.",50.63,50.63,49.37,0.01,2.88,10.62,53.07
21222,"Develop communications materials, advertisements, presentations, or public relations initiatives to promote awareness of products and services.",31.68,31.68,68.32,0.44,2.88,6.79,47.02
21224,"Devise or evaluate methods and procedures for collecting data, such as surveys, opinion polls, and questionnaires.",30.54,31.37,71.34,0.0,2.76,5.0,35.95
21228,"Design and edit promotional publications, such as brochures.",32.14,32.14,67.86,0.09,3.15,6.56,32.65
21229,"Develop and maintain the company's corporate image and identity, which includes the use of logos and signage.",23.51,23.36,75.99,0.03,3.0,9.65,54.68
21234,Evaluate advertising and promotion programs for compatibility with public relations efforts.,36.67,36.67,63.33,0.0,2.69,2.45,30.34
21237,"Identify main client groups and audiences, determine the best way to communicate publicity information to them, and develop and implement a communication plan.",34.03,34.03,65.97,0.09,2.97,10.84,73.88
21242,"Observe and report on social, economic, and political trends that might affect employers.",96.08,96.08,3.92,0.0,2.81,7.38,33.79
21266,"Manage paper or electronic filing systems by recording information, updating paperwork, or maintaining documents, such as attendance records or correspondence.",87.99,87.99,12.01,0.04,2.98,2.02,18.41
21269,"Read through contracts, regulations, and procedural guidelines to ensure comprehension and compliance.",56.37,57.04,44.14,0.04,2.49,3.01,21.3
21279,"Participate in architectural and engineering planning and design, including space and installation management.",33.16,33.16,66.84,0.01,3.03,8.08,49.24
21284,Assess risks to mitigate potential consequences of incidents and develop a plan to respond to incidents.,55.38,55.38,44.62,0.0,3.25,9.3,27.04
21290,"Create or implement security standards, policies, and procedures.",58.33,58.33,41.67,0.0,3.23,10.47,24.61
21294,"Develop, conduct, support, or assist in governmental reviews, internal corporate evaluations, or assessments of the overall effectiveness of facility and personnel security processes.",61.06,75.0,47.83,0.0,2.91,8.48,32.18
21296,"Develop, recommend, or manage security procedures for operations or processes, such as security call centers, access control, and reporting tools.",53.33,53.33,46.67,0.0,3.13,12.4,36.6
21297,Direct or participate in emergency management and contingency planning.,38.0,38.0,62.0,0.0,3.0,12.14,51.67
21303,"Prepare reports or make presentations on internal investigations, losses, or violations of regulations, policies and procedures.",55.0,55.0,45.0,0.0,3.04,9.13,36.65
21311,Establish and maintain relationships with individual or business customers or provide assistance with problems these customers may encounter.,59.26,59.26,40.74,0.01,2.62,2.39,73.71
21314,Prepare operational or risk reports for management analysis.,83.58,83.58,16.42,0.01,3.26,2.82,11.84
21315,Evaluate data pertaining to costs to plan budgets.,35.18,35.18,64.82,0.06,2.88,8.56,52.15
21317,"Examine, evaluate, or process loan applications.",55.56,55.56,44.44,0.0,3.11,5.35,65.39
21320,"Prepare financial or regulatory reports required by laws, regulations, or boards of directors.",63.04,63.04,36.96,0.0,3.19,8.84,32.06
21321,Develop or analyze information to assess the current or future financial status of firms.,63.16,63.16,36.84,0.0,2.75,6.95,30.05
21323,"Evaluate financial reporting systems, accounting or collection procedures, or investment activities and make recommendations for changes to procedures, operating systems, budgets, or other financial control functions.",41.03,41.03,58.97,0.01,2.87,8.42,45.83
21326,Review collection reports to determine the status of collections and the amounts of outstanding balances.,64.94,64.94,35.06,0.01,2.96,4.49,25.72
21329,Review reports of securities transactions or price lists to analyze market conditions.,71.46,67.6,27.0,0.01,2.82,7.49,37.17
21338,Prepare reports on operations and system productivity or efficiency.,94.32,94.32,5.68,0.01,2.99,1.75,4.5
21345,Analyze all aspects of corporate logistics to determine the most cost-effective or efficient means of transporting products or supplies.,40.85,40.85,59.15,0.0,2.88,8.97,53.16
21346,"Resolve problems concerning transportation, logistics systems, imports or exports, or customer issues.",73.68,73.68,26.32,0.0,2.35,1.98,47.35
21349,"Analyze the financial impact of proposed logistics changes, such as routing, shipping modes, product volumes or mixes, or carriers.",33.33,33.33,66.67,0.0,2.95,7.6,39.67
21350,Monitor inventory levels of products or materials in warehouses.,94.44,94.44,5.56,0.0,3.0,2.94,6.32
21354,"Prepare management recommendations, such as proposed fee and tariff increases or schedule changes.",27.92,27.92,72.08,0.0,2.73,4.87,42.06
21357,"Analyze expenditures and other financial information to develop plans, policies, or budgets for increasing profits or improving services.",37.14,37.14,62.86,0.08,2.99,9.82,53.83
21360,"Maintain metrics, reports, process documentation, customer service logs, or training or safety records.",78.26,78.26,21.74,0.0,2.96,3.1,14.69
21365,"Develop or implement plans for facility modification or expansion, such as equipment purchase or changes in space allocation or structural design.",36.42,36.42,63.58,0.0,2.96,7.52,44.63
21367,Plan or implement improvements to internal or external systems or processes.,51.7,51.7,48.3,0.04,3.04,7.42,52.32
21386,"Provide information to customers on the care of trees, shrubs, flowers, plants, and lawns.",54.78,54.78,45.22,0.01,2.39,1.04,29.49
21390,Conduct inspections to determine crop maturity or condition or to detect disease or insect infestation.,81.82,81.82,18.18,0.0,2.68,0.5,20.89
21395,Evaluate marketing or sales alternatives for products.,29.5,30.28,72.37,0.01,2.82,6.13,53.39
21408,Plan programs of events or schedules of activities.,36.97,36.97,63.03,0.06,2.97,5.29,36.02
21409,"Plan, organize, or lead group activities for customers, such as exercise routines, athletic events, or arts and crafts.",50.19,51.61,51.22,0.0,3.1,1.46,22.16
21412,"Talk to coworkers using electronic devices, such as computers and radios.",79.03,79.03,20.97,0.0,2.35,0.49,6.79
21413,Talk to customers to convey information about events or activities.,69.57,69.57,30.43,0.0,2.61,0.55,6.17
21445,Negotiate claim settlements or recommend litigation when settlement cannot be negotiated.,42.23,42.23,57.77,0.01,2.43,6.07,107.44
21448,"Advise licensees or other individuals or groups concerning licensing, permit, or passport regulations.",36.43,36.45,63.6,0.09,2.43,2.6,36.88
21449,"Prepare reports of activities, evaluations, recommendations, or decisions.",73.41,73.41,26.59,0.01,3.5,6.21,22.03
21457,Prepare correspondence to inform concerned parties of licensing decisions or appeals processes.,35.29,35.29,64.71,0.0,2.41,1.38,16.59
21460,Provide assistance to internal or external auditors in compliance reviews.,23.03,23.03,76.97,0.0,2.6,6.92,43.27
21462,Assign duties or responsibilities to project personnel.,54.45,45.71,38.24,0.0,2.88,3.41,20.85
21465,Create project status presentations for delivery to customers or project personnel.,41.19,39.82,56.86,0.0,3.39,13.8,44.2
21466,"Develop or update project plans including information such as objectives, technologies, schedules, funding, and staffing.",54.75,55.78,46.1,0.1,2.98,5.92,40.98
21470,Monitor project milestones and deliverables.,97.22,97.22,2.78,0.0,3.68,15.82,47.85
21473,"Plan, schedule, or coordinate project activities to meet deadlines.",50.76,50.76,49.24,0.01,2.96,9.32,57.34
21474,"Prepare and submit budget estimates, progress reports, or cost tracking reports.",49.56,49.56,50.44,0.0,3.22,9.55,35.94
21475,Produce and distribute project documents.,48.71,48.71,51.29,0.02,3.05,6.49,34.88
21476,"Propose, review, or approve modifications to project plans.",33.02,34.09,69.14,0.04,2.73,5.73,62.79
21478,"Report project status, such as budget, resources, technical issues, or customer satisfaction, to managers.",78.38,78.38,21.62,0.01,2.91,1.36,15.73
21479,Request and review project updates to ensure deadlines are met.,97.71,97.71,2.29,0.0,3.01,0.99,4.41
21481,"Submit project deliverables to clients, ensuring adherence to quality standards.",52.61,54.0,48.65,0.0,3.14,6.22,23.14
21486,"Design, implement, or establish requirements for security systems, video surveillance, motion detection, or closed-circuit television systems to ensure proper installation and operation.",43.75,43.75,56.25,0.0,3.18,13.9,57.32
21487,Develop conceptual designs of security systems.,57.14,57.14,42.86,0.0,3.1,11.0,42.0
21488,Develop or review specifications for design or construction of security systems.,39.6,39.6,60.4,0.0,3.01,13.51,79.27
21496,Perform risk analyses so that appropriate countermeasures can be developed.,47.83,47.83,52.17,0.01,2.94,6.35,32.65
21497,Prepare documentation for case reports or court proceedings.,58.62,58.62,41.38,0.0,2.78,4.6,42.05
21499,Provide system design and integration recommendations.,34.95,34.15,63.56,0.03,2.87,12.82,85.85
21500,Recommend improvements in security systems or procedures.,35.42,35.42,64.58,0.0,2.83,8.36,69.95
21502,"Review design drawings or technical documents for completeness, correctness, or appropriateness.",61.9,61.9,38.1,0.0,2.65,3.8,15.49
21505,Prepare detailed reports on audit findings.,56.52,56.52,43.48,0.0,3.39,14.46,38.28
21506,"Report to management about asset utilization and audit results, and recommend changes in operations and financial activities.",53.73,53.73,46.27,0.0,2.97,10.09,49.9
2151,Estimate ingredients and supplies required to prepare a recipe.,58.95,58.95,41.05,0.0,2.55,0.63,8.6
21511,"Examine and evaluate financial and information systems, recommending controls to ensure system reliability and data integrity.",61.9,61.9,38.1,0.0,2.95,12.15,63.05
21514,"Prepare, examine, or analyze accounting records, financial statements, or other financial reports to assess accuracy, completeness, and conformance to reporting and procedural standards.",57.59,56.36,41.51,0.01,2.94,8.05,28.95
21515,Prepare adjusting journal entries.,54.18,54.18,45.82,0.01,2.55,3.23,29.48
21517,Establish tables of accounts and assign entries to proper accounts.,70.0,70.0,30.0,0.0,3.16,5.11,28.99
21519,"Analyze business operations, trends, costs, revenues, financial commitments, and obligations to project future revenues and expenses or to provide advice.",32.77,32.77,67.23,0.05,2.89,11.89,60.94
21521,"Develop, implement, modify, and document recordkeeping and accounting systems, making use of current computer technology.",50.0,50.0,50.0,0.0,3.21,8.12,45.89
21526,"Compute taxes owed and prepare tax returns, ensuring compliance with payment, reporting, or other tax requirements.",58.75,58.75,41.25,0.0,3.22,6.62,44.77
21527,"Advise clients in areas such as compensation, employee health care benefits, the design of accounting or data processing systems, or long-range tax or estate plans.",39.02,39.02,60.98,0.0,2.71,5.78,50.0
21531,"Develop, maintain, or analyze budgets, preparing periodic reports that compare budgeted costs to actual costs.",48.39,48.68,51.92,0.0,2.73,5.48,38.66
21532,"Prepare, analyze, or verify annual reports, financial statements, and other records, using accepted accounting and statistical procedures to assess financial condition and facilitate financial planning.",52.83,52.83,47.17,0.02,3.2,9.36,38.2
21534,"Review data about material assets, net worth, liabilities, capital stock, surplus, income, or expenditures.",48.65,48.65,51.35,0.0,2.94,7.42,51.78
21535,"Calculate the value of property based on comparisons to recent sales, estimated cost to reproduce, and anticipated property income streams.",36.78,40.0,68.75,0.0,2.91,8.31,30.63
21541,"Locate and record data on sales of comparable property using specialized software, internet searches, or personal records.",72.5,72.5,27.5,0.0,2.95,4.81,19.0
21548,Write descriptions of the property being appraised.,50.28,43.86,43.37,0.0,2.61,4.72,35.61
21549,"Compute final estimation of property values, taking into account such factors as depreciation, replacement costs, value comparisons of similar properties, and income potential.",59.09,59.09,40.91,0.0,2.78,4.3,31.34
21552,Collect and analyze relevant data to identify real estate market trends.,50.54,50.54,49.46,0.02,2.79,6.11,36.94
21559,Explain real and personal property taxes to property owners.,26.72,26.72,73.28,0.0,2.36,1.8,22.6
21563,"Evaluate land and neighborhoods where properties are situated, considering locations and trends or impending changes that could influence future values.",,,,0.0,2.6,8.63,49.2
21577,"Analyze trends in sales prices, construction costs, and rents, to assess property values or determine the accuracy of assessments.",46.37,46.37,53.63,0.01,2.69,6.8,49.32
21579,"Advise clients on aspects of capitalization, such as amounts, sources, or timing.",32.86,32.86,67.14,0.02,2.72,9.44,62.37
21580,Analyze financial or operational performance of companies facing financial difficulties to identify or recommend remedies.,40.0,40.0,60.0,0.0,2.97,10.59,64.52
21585,"Confer with clients to restructure debt, refinance debt, or raise new debt.",38.57,38.57,61.43,0.01,2.58,7.02,86.09
21586,Create client presentations of plan details.,44.56,45.26,56.31,0.0,3.07,4.36,23.34
21589,"Draw charts and graphs, using computer spreadsheets, to illustrate technical reports.",32.49,35.71,74.19,0.0,3.06,5.28,34.29
21590,Employ financial models to develop solutions to financial problems or to assess the financial or capital impact of transactions.,42.76,42.76,57.24,0.0,2.82,7.13,31.18
21592,Evaluate capital needs of clients and assess market conditions to inform structuring of financial packages.,42.55,42.55,57.45,0.0,2.73,9.34,69.64
21593,"Inform investment decisions by analyzing financial information to forecast business, industry, or economic conditions.",41.23,43.3,61.73,0.01,2.84,13.41,41.45
21594,"Interpret data on price, yield, stability, future investment-risk trends, economic influences, and other factors affecting investment programs.",51.35,50.73,48.07,0.03,2.81,7.53,44.63
21595,"Monitor developments in the fields of industrial technology, business, finance, and economic theory.",25.77,26.04,75.0,0.03,2.91,4.64,28.62
21596,"Monitor fundamental economic, industrial, and corporate developments by analyzing information from financial publications and services, investment banking firms, government agencies, trade publications, company sources, or personal interviews.",46.69,46.69,53.31,0.04,2.82,7.37,31.49
21598,Prepare all materials for transactions or execution of deals.,41.45,41.45,58.55,0.02,3.0,4.88,29.92
21599,"Prepare plans of action for investment, using financial analyses.",39.94,40.63,61.1,0.07,3.26,15.75,51.76
21600,"Present oral or written reports on general economic trends, individual corporations, and entire industries.",62.01,62.01,37.99,0.01,2.84,4.07,15.13
21602,"Recommend investments and investment timing to companies, investment firm staff, or the public.",56.95,56.95,43.05,0.07,2.84,6.14,38.87
21605,"Analyze areas of potential risk to the assets, earning capacity, or success of organizations.",46.5,46.5,53.5,0.04,2.87,7.07,35.45
21606,Analyze new legislation to determine impact on risk exposure.,37.84,37.84,62.16,0.0,2.84,11.28,35.78
21607,"Conduct statistical analyses to quantify risk, using statistical analysis software or econometric models.",41.38,41.38,58.62,0.0,3.2,20.62,82.57
21612,Develop contingency plans to deal with emergencies.,57.14,57.14,42.86,0.0,2.84,4.86,36.65
21614,Devise scenario analyses reflecting possible severe market events.,42.38,42.02,57.14,0.01,2.77,10.67,59.2
21616,"Document, and ensure communication of, key risks.",31.11,31.11,68.89,0.0,3.09,15.33,64.78
21622,"Identify key risks and mitigating factors of potential investments, such as asset types and values, legal and ownership structures, professional reputations, customer bases, or industry segments.",47.46,46.69,51.68,0.05,2.82,8.34,46.65
21623,"Inform financial decisions by analyzing financial information to forecast business, industry, or economic conditions.",28.0,28.13,72.34,0.0,2.84,17.26,61.51
21625,Maintain input or data quality of risk management systems.,82.14,82.14,17.86,0.0,3.07,2.41,10.79
21626,"Meet with clients to answer queries on subjects such as risk exposure, market scenarios, or values-at-risk calculations.",8.6,6.9,73.33,0.0,2.28,3.39,54.5
21629,"Produce reports or presentations that outline findings, explain risk positions, or recommend changes.",53.04,53.04,46.96,0.01,2.89,4.62,27.78
21630,Provide statistical modeling advice to other departments.,16.83,17.34,85.66,0.01,2.44,4.31,52.66
21632,Recommend ways to control or reduce risk.,38.05,38.05,61.95,0.11,2.69,6.06,57.53
21633,Review or draft risk disclosures for offer documents.,30.77,30.77,69.23,0.0,2.63,7.57,61.85
21639,Contact applicants or creditors to resolve questions about applications or to assist with completion of paperwork.,57.89,57.89,42.11,0.0,2.47,1.57,22.79
21641,"Counsel clients on personal and family financial problems, such as excessive spending or borrowing of funds.",49.73,49.73,50.27,0.02,2.66,6.16,93.25
21642,Establish payment priorities according to credit terms and interest rates to reduce clients' overall costs.,56.25,56.25,43.75,0.0,2.88,7.59,56.84
21644,"Maintain and review account records, updating and recategorizing them according to status changes.",85.81,85.81,14.19,0.04,3.25,3.45,21.89
21645,Match individuals' needs and eligibility with available financial aid programs to provide informed recommendations.,48.26,47.62,51.06,0.0,2.6,3.9,36.26
21647,Review billing for accuracy.,71.43,71.43,28.57,0.0,2.84,2.58,20.6
21651,Test changes to database applications or systems.,100.0,100.0,0.0,0.0,2.72,5.29,32.06
21652,"Develop data model describing data elements and their use, following procedures and using pen, template or computer software.",27.59,27.59,72.41,0.0,2.9,11.49,92.17
21653,"Develop methods for integrating different products so they work properly together, such as customizing commercial databases to fit specific needs.",63.16,63.16,36.84,0.0,2.86,5.89,47.49
21660,"Write and code logical and physical database descriptions, and specify identifiers of database to management system or direct others in coding descriptions.",60.56,60.56,39.44,0.02,2.94,9.66,56.21
21661,"Analyze information to determine, recommend, and plan installation of a new system or modification of an existing system.",50.25,50.25,49.75,0.03,2.92,10.54,60.58
21662,Analyze user needs and software requirements to determine feasibility of design within time and cost constraints.,46.25,46.25,53.75,0.01,2.95,11.24,57.54
21664,"Confer with systems analysts, engineers, programmers and others to design systems and to obtain information on project limitations and capabilities, performance requirements and interfaces.",40.98,40.98,59.02,0.0,2.42,7.94,105.46
21665,"Consult with customers or other departments on project status, proposals, or technical issues, such as software system design or maintenance.",47.42,47.42,52.58,0.04,2.61,5.39,56.17
21667,"Design, develop and modify software systems, using scientific analysis and mathematical models to predict and measure outcomes and consequences of design.",42.08,42.08,57.92,0.01,3.1,14.72,62.82
21669,"Develop or direct software system testing or validation procedures, programming, or documentation.",50.0,50.0,50.0,0.0,3.09,11.39,48.19
2167,Evaluate new products for usefulness and suitability.,30.94,30.94,69.06,0.0,2.75,4.04,42.38
21670,"Modify existing software to correct errors, adapt it to new hardware, or upgrade interfaces and improve performance.",69.12,69.12,30.88,0.2,2.87,5.11,41.52
21671,Monitor functioning of equipment to ensure system operates in conformance with specifications.,94.74,94.74,5.26,0.0,2.65,0.33,1.85
21673,"Prepare reports or correspondence concerning project specifications, activities, or status.",48.53,48.53,51.47,0.05,2.5,4.49,53.95
21680,"Modify existing software to correct errors, allow it to adapt to new hardware, or to improve its performance.",71.2,71.56,28.94,0.19,2.86,5.11,42.49
21684,"Incorporate technical considerations into Web site design plans, such as budgets, equipment, performance requirements, and legal issues including accessibility and privacy.",42.76,42.76,57.24,0.0,2.98,11.78,71.35
21686,"Collaborate with web development professionals, such as front-end or back-end developers, to complete the full scope of Web development projects.",67.86,67.86,32.14,0.0,2.62,7.64,76.7
21688,Conduct user research to determine design requirements and analyze user feedback to improve design quality.,54.03,61.4,52.24,0.0,2.98,6.09,26.13
21693,Develop and document style guidelines for Web site content.,36.46,36.46,63.54,0.02,2.95,8.95,57.08
21694,Develop new visual design concepts and modify concepts based on stakeholder feedback.,19.47,19.02,78.65,0.39,3.17,7.83,37.18
21697,"Develop Web site maps, application models, image templates, or page templates that meet project goals, user needs, or industry standards.",56.76,56.76,43.24,0.03,3.25,8.72,30.94
21698,"Develop, validate, and document test routines and schedules to ensure that test cases mimic external interfaces and address all browser and device types.",73.26,73.26,26.74,0.0,3.25,6.36,21.92
21699,"Direct and execute pre-production activities, such as creating moodboards or storyboards and establishing a project timeline.",38.78,38.78,61.22,0.09,2.96,6.34,38.78
2170,Season and cook food according to recipes or personal judgment and experience.,80.28,80.28,19.72,0.0,2.58,0.28,4.75
21701,Identify or maintain links to and from other Web sites and check links to ensure proper functioning.,77.08,77.08,22.92,0.0,3.29,4.2,23.29
21702,"Identify problems uncovered by testing or customer feedback, and correct problems or refer problems to appropriate personnel for correction.",87.27,87.27,12.73,0.35,3.03,9.86,80.95
21703,"Incorporate technical considerations into Web site design plans, such as budgets, equipment, performance requirements, or legal issues including accessibility and privacy.",44.07,44.07,55.93,0.01,3.04,12.01,72.32
21708,Register Web sites with search engines to increase Web site traffic.,97.06,97.06,2.94,0.0,3.21,4.59,42.74
21709,"Research and apply innovative solutions for product design, visuals, and user experience to meet the needs of individual Web development projects.",40.7,41.52,60.49,0.28,3.39,7.69,25.82
21713,"Write and edit technical documentation for digital interface products and designs, such as user manuals, testing protocols, and reports.",23.53,23.53,76.47,0.0,2.65,7.01,64.71
21715,"Produce data layers, maps, tables, or reports, using spatial analysis procedures or Geographic Information Systems (GIS) technology, equipment, or systems.",52.15,53.66,49.23,0.0,3.12,9.46,62.48
21716,"Design or prepare graphic representations of Geographic Information Systems (GIS) data, using GIS hardware or software applications.",28.33,28.33,71.67,0.0,3.13,7.05,56.78
21718,Provide technical expertise in Geographic Information Systems (GIS) technology to clients or users.,69.33,69.33,30.67,0.0,2.39,2.69,55.56
21719,"Perform computer programming, data analysis, or software development for Geographic Information Systems (GIS) applications, including the maintenance of existing systems or research and development for future enhancements.",65.52,69.43,36.53,0.01,2.93,6.99,62.48
21721,"Review existing or incoming data for currency, accuracy, usefulness, quality, or completeness of documentation.",62.45,62.45,37.55,0.06,2.76,4.22,24.33
21725,Select cartographic elements needed for effective presentation of information.,45.28,45.28,54.72,0.0,3.21,4.98,27.33
21726,"Provide technical support to users or clients regarding the maintenance, development, or operation of Geographic Information Systems (GIS) databases, equipment, or applications.",75.91,76.11,24.16,0.0,2.35,2.13,67.89
21727,"Collect, compile, or integrate Geographic Information Systems (GIS) data, such as remote sensing or cartographic data for inclusion in map manuscripts.",84.21,84.21,15.79,0.0,3.26,6.68,59.58
21731,"Create, analyze, report, convert, or transfer data, using specialized applications program software.",63.85,63.85,36.15,0.14,3.18,6.75,28.4
21732,"Confer with users to analyze, configure, or troubleshoot applications.",81.61,81.61,18.39,0.64,2.51,4.64,82.19
21733,"Design, program, or model Geographic Information Systems (GIS) applications or procedures.",64.71,64.71,35.29,0.0,3.14,10.09,81.15
21735,"Make recommendations regarding upgrades, considering implications of new or revised Geographic Information Systems (GIS) software, equipment, or applications.",33.33,33.33,66.67,0.0,2.93,,35.73
21737,"Create visual representations of geospatial data, using complex procedures such as analytical modeling, three-dimensional renderings, or plot creation.",40.0,40.0,60.0,0.0,3.29,13.13,40.13
21741,"Conduct research, data analysis, systems design, or support for software such as Geographic Information Systems (GIS) or Global Positioning Systems (GPS) mapping software.",52.73,50.0,44.83,0.0,2.8,7.93,61.0
21743,"Recommend procedures, equipment, or software upgrades to increase data accessibility or ease of use.",46.98,47.41,53.51,0.04,2.79,3.62,32.47
21746,"Conduct network and security system audits, using established criteria.",77.34,77.34,22.66,0.01,3.11,7.41,52.16
21747,Configure information systems to incorporate principles of least functionality and least access.,57.14,57.14,42.86,0.0,2.87,9.48,98.47
21754,Document penetration test findings.,63.53,63.53,36.47,0.01,3.01,6.86,59.85
21756,Gather cyber intelligence to identify vulnerabilities.,89.74,89.74,10.26,0.0,2.88,7.13,87.58
21758,"Identify security system weaknesses, using penetration tests.",83.1,83.1,16.9,0.01,2.85,3.86,76.55
2176,"Bake, roast, broil, and steam meats, fish, vegetables, and other foods.",68.12,68.12,31.88,0.0,2.39,0.26,3.2
21765,Write audit reports to communicate technical and procedural findings and recommend solutions.,60.93,60.93,39.07,0.02,3.26,9.68,33.17
21767,Conduct investigations of information security breaches to identify vulnerabilities and evaluate the damage.,77.43,70.97,20.69,0.0,2.67,2.81,51.26
21772,"Develop or implement software tools to assist in the detection, prevention, and analysis of security threats.",67.05,67.05,32.95,0.02,3.16,15.62,78.54
21773,"Develop or install software, such as firewalls and data encryption programs, to protect sensitive information.",59.56,59.56,40.44,0.01,3.05,13.23,64.4
21775,Identify or implement solutions to information security problems.,71.64,71.64,28.36,0.01,2.79,4.21,47.39
21779,Provide technical support to computer users for installation and use of security products.,57.26,57.26,42.74,0.05,2.49,3.21,69.13
2178,"Estimate expected food consumption, requisition or purchase supplies, or procure food from storage.",48.39,48.39,51.61,0.0,2.68,1.43,20.13
21780,Recommend information security enhancements to management.,49.23,49.23,50.77,0.01,2.79,6.1,48.47
21781,Review security assessments for computing environments or check for compliance with cybersecurity standards and regulations.,64.0,64.0,36.0,0.0,2.77,2.53,9.79
21783,"Train staff on, and oversee the use of, information security standards, policies, and best practices.",41.94,41.94,58.06,0.0,2.73,5.22,99.3
21784,Troubleshoot security and network problems.,89.57,89.57,10.43,0.01,2.44,3.56,94.8
21785,Write reports regarding investigations of information security breaches or network evaluations.,57.89,57.89,42.11,0.0,2.53,5.8,94.84
21788,Conduct predictive or reactive analyses on security measures to support cyber security initiatives.,47.13,46.32,51.96,0.01,2.71,3.73,39.34
21797,Perform forensic investigations of operating or file systems.,81.25,81.25,18.75,0.0,2.94,3.53,40.94
21800,Recommend cyber defense software or hardware to support responses to cyber incidents.,58.62,58.62,41.38,0.0,2.66,4.67,58.28
21802,"Write and execute scripts to automate tasks, such as parsing large data files.",75.82,75.82,24.18,0.21,3.07,6.48,38.41
21803,"Write cyber defense recommendations, reports, or white papers using research or experience.",41.27,41.27,58.73,0.0,3.03,6.52,35.46
21804,"Write reports, sign affidavits, or give depositions for legal proceedings.",36.36,36.36,63.64,0.0,2.65,5.49,31.88
21805,Write technical summaries to report findings.,51.38,51.38,48.62,0.02,2.6,4.78,30.9
21806,"Assess blockchain threats, such as untested code and unprotected keys.",61.22,61.22,38.78,0.0,2.98,10.32,66.02
21807,Automate the deployment of software updates over geographically distributed network nodes.,73.02,73.02,26.98,0.0,3.05,5.04,60.03
21810,Design and implement dashboard and data visualizations to meet customer reporting needs.,43.76,43.76,56.24,0.02,3.22,17.56,63.23
21811,Design and implement data repositories to integrate data.,70.83,70.83,29.17,0.0,3.08,12.55,101.75
21814,"Develop a maintainable code base using object-oriented design principles, practices, or patterns.",60.86,60.86,39.14,0.04,2.97,12.3,56.63
21823,"Analyze, manipulate, or process large sets of data using statistical software.",50.0,50.0,50.0,0.03,3.0,9.78,61.13
21826,Clean and manipulate raw data using statistical software.,58.65,58.65,41.35,0.02,2.81,7.18,51.07
21827,"Compare models using statistical performance metrics, such as loss functions or proportion of explained variance.",52.01,51.67,47.68,0.0,2.79,8.6,72.34
21828,"Create graphs, charts, or other visualizations to convey the results of data analysis using specialized software.",42.28,42.6,58.16,0.39,3.28,8.12,26.81
21829,Deliver oral or written presentations of the results of mathematical modeling and data analysis to management or other end users.,70.59,70.59,29.41,0.0,2.79,3.6,15.74
21832,Identify relationships and trends or any factors that could affect the results of research.,34.57,34.57,65.43,0.01,2.77,7.82,55.34
21833,"Identify solutions to business problems, such as budgeting, staffing, and marketing decisions, using the results of data analysis.",61.35,61.35,38.65,0.02,2.91,6.57,51.16
21834,"Propose solutions in engineering, the sciences, and other fields using mathematical theories and techniques.",52.3,52.3,47.7,0.04,2.6,3.32,30.06
21836,Recommend data-driven solutions to key stakeholders.,30.37,30.37,69.63,0.01,2.69,7.07,55.53
21837,"Test, validate, and reformulate models to ensure accurate prediction of outcomes of interest.",44.87,44.87,55.13,0.01,3.05,16.96,96.36
21838,Write new functions or applications in programming languages to conduct analyses.,58.35,58.35,41.65,0.12,2.95,7.97,53.66
2185,Keep records and accounts.,61.02,61.02,38.98,0.0,2.72,5.73,61.91
21851,"Develop statistical models or simulations, using statistical or modeling software.",49.45,49.45,50.55,0.0,3.32,13.46,55.02
21858,"Recommend process formulas, instrumentation, or equipment specifications, based on results of bench or pilot experimentation.",29.23,29.23,70.77,0.0,2.76,9.86,66.92
21865,"Recommend procedures for detection, prevention, and elimination of physical, chemical, or other product hazards.",44.14,44.14,55.86,0.02,2.51,1.17,12.94
21869,"Interpret safety regulations for others interested in industrial safety, such as safety engineers, labor representatives, and safety inspectors.",18.92,18.92,81.08,0.0,2.6,2.58,15.43
21876,Provide technical advice and guidance to organizations on how to handle health-related problems and make needed changes.,49.12,47.77,49.49,0.0,2.59,1.84,16.35
21881,Write and revise safety regulations and codes.,55.0,48.89,40.0,0.0,3.22,7.45,29.0
2189,"Grill, cook, and fry foods such as french fries, eggs, and pancakes.",71.43,71.43,28.57,0.0,2.52,0.2,5.57
21893,"Prepare plans, estimates, design and construction schedules, and contract specifications, including any special provisions.",31.58,31.58,68.42,0.0,3.11,6.28,33.63
21905,"Prepare technical reports for use by engineering, management, or sales personnel.",69.89,66.67,28.72,0.0,3.34,8.21,31.04
21911,"Determine conditions under which tests are to be conducted, as well as sequences and phases of test operations.",44.9,46.13,56.61,0.01,2.87,6.67,54.02
21913,Analyze data to determine feasibility of product proposals.,16.67,16.67,83.33,0.0,2.58,4.53,66.17
21917,"Produce drawings, using computer-assisted drafting systems (CAD) or drafting machines, or by hand, using compasses, dividers, protractors, triangles, and other drafting devices.",45.16,45.16,54.84,0.0,3.55,5.35,14.82
21920,"Analyze building codes, by-laws, space and site requirements, and other technical documents and reports to determine their effect on architectural designs.",33.68,33.68,66.32,0.0,2.74,5.45,35.51
21928,Check dimensions of materials to be used and assign numbers to lists of materials.,78.85,78.85,21.15,0.0,1.79,0.51,3.36
21929,"Determine procedures and instructions to be followed, according to design specifications and quantity of required materials.",66.09,66.09,33.91,0.0,2.59,2.07,38.79
21931,Explain drawings to production or construction teams and provide adjustments as necessary.,18.24,18.24,81.76,0.0,2.55,3.26,31.32
21932,"Obtain and assemble data to complete architectural designs, visiting job sites to compile measurements as necessary.",,,,0.0,3.0,1.78,20.81
21942,"Prepare cost estimates, contracts, bidding documents, and technical reports for specific projects under an architect's or engineer's supervision.",52.17,52.17,47.83,0.0,2.89,7.16,14.74
21944,"Review rough sketches, drawings, specifications, and other engineering data to ensure that they conform to design concepts.",21.0,21.0,79.0,0.01,2.67,3.97,43.87
21945,"Draft working drawings, wiring diagrams, wiring connection specifications, or cross-sections of underground cables, as required for instructions to installation crew.",36.36,36.36,63.64,0.0,3.23,3.92,20.35
21946,Assemble documentation packages and produce drawing sets to be checked by an engineer or an architect.,51.92,51.92,48.08,0.0,3.04,9.31,41.72
21948,Review completed construction drawings and cost estimates for accuracy and conformity to standards and regulations.,53.33,53.33,46.67,0.0,3.27,10.33,28.6
21953,"Locate files relating to specified design project in database library, load program into computer, and record completed job data.",96.25,96.25,3.75,0.0,2.52,0.6,4.44
21957,"Explain drawings to production or construction teams and provide adjustments, as necessary.",15.44,15.44,84.56,0.0,2.62,2.76,30.71
21961,Key and program specified commands and engineering specifications into computer system to change functions and test final layout.,94.58,79.41,4.55,0.0,3.34,3.02,25.77
21963,"Compare logic element configuration on display screen with engineering schematics and calculate figures to convert, redesign, or modify element.",81.76,81.76,18.24,0.0,1.93,0.46,4.01
21981,Review electrical engineering plans to ensure adherence to design specifications and compliance with applicable electrical codes and standards.,30.0,30.0,70.0,0.0,2.93,6.35,36.7
21984,Maintain system logs or manuals to document testing or operation of equipment.,100.0,100.0,0.0,0.0,2.65,0.22,1.11
21985,"Select electronics equipment, components, or systems to meet functional specifications.",41.27,41.27,58.73,0.0,2.62,3.2,57.83
21986,"Calculate design specifications or cost, material, and resource estimates, and prepare project schedules and budgets.",39.13,39.13,60.87,0.0,3.09,7.84,27.92
21989,"Compile and maintain records documenting engineering schematics, installed equipment, installation or operational problems, resources used, repairs, or corrective action performed.",60.71,60.71,39.29,0.0,2.93,8.59,76.07
21995,"Provide user applications or engineering support or recommendations for new or existing equipment with regard to installation, upgrades, or enhancements.",43.94,43.94,56.06,0.0,2.49,2.51,47.64
22,"Analyze internal processes and recommend and implement procedural or policy changes to improve operations, such as supply changes or the disposal of records.",36.72,36.72,63.28,0.04,2.86,6.88,48.11
22004,"Review, develop, or prepare maintenance standards.",23.53,23.53,76.47,0.0,2.94,7.88,36.71
22005,"Analyze engineering designs of logic or digital circuitry, motor controls, instrumentation, or data acquisition for implementation into new or existing automated, servomechanical, or other electromechanical systems.",48.33,48.33,51.67,0.01,2.66,3.66,32.15
22011,"Establish and maintain inventory, records, or documentation systems.",85.39,85.39,14.61,0.0,2.96,3.49,16.15
22014,Install or program computer hardware or machine or instrumentation software in microprocessor-based systems.,66.17,66.17,33.83,0.01,2.86,7.27,90.81
22023,"Analyze, estimate, or report production costs.",32.22,32.22,67.78,0.03,2.87,8.79,46.55
22024,"Assist engineers in developing, building, or testing prototypes or new products, processes, or procedures.",51.11,51.11,48.89,0.0,2.82,6.04,82.6
22028,"Create or interpret engineering drawings, schematic diagrams, formulas, or blueprints for management or engineering staff.",25.42,25.42,74.58,0.07,2.72,2.96,19.58
2203,Weigh or measure ingredients.,69.23,69.23,30.77,0.0,2.0,0.25,3.81
22039,"Prepare production documents, such as standard operating procedures, manufacturing batch records, inventory reports, or productivity reports.",50.0,50.0,50.0,0.0,3.13,8.83,40.16
22041,Recommend corrective or preventive actions to assure or improve product quality or reliability.,49.58,49.58,50.42,0.03,2.67,8.29,80.11
22065,"Prepare capability data, training materials, or other documentation for transfer of processes to production.",54.9,54.9,45.1,0.0,3.09,7.53,45.13
22071,"Analyze or estimate production costs, such as labor, equipment, and plant space.",46.43,46.43,53.57,0.0,2.64,5.08,26.29
22078,"Design specialized or customized equipment, machines, or structures.",38.89,38.89,61.11,0.0,3.15,11.23,40.05
22082,"Interpret engineering sketches, specifications, or drawings.",21.41,21.41,78.59,0.12,2.45,1.73,17.88
22083,"Prepare equipment inspection schedules, reliability schedules, work plans, or other records.",87.5,87.5,12.5,0.0,2.88,2.24,8.35
22085,"Prepare specifications, designs, or sketches for machines, components, or systems related to the generation, transmission, or use of mechanical or fluid energy.",51.72,51.72,48.28,0.0,3.37,17.18,50.29
22086,"Provide technical support to other employees regarding mechanical design, fabrication, testing, or documentation.",35.18,35.18,64.82,0.04,2.56,3.61,54.75
22088,Analyze test data to identify defects or determine calibration requirements.,55.62,55.63,44.38,0.0,2.66,4.35,41.01
22101,Visually inspect equipment to detect surface defects.,,,,0.0,2.53,0.62,13.07
22105,Design or develop information databases that include geographic or topographic data.,54.59,54.59,45.41,0.0,3.11,14.14,60.03
22107,"Produce or update overlay maps to show information boundaries, water locations, or topographic features on various base maps or at different scales.",42.86,42.86,57.14,0.0,3.19,4.64,19.24
22111,"Operate and manage land-information computer systems, performing tasks such as storing data, making inquiries, and producing plots and reports.",100.0,100.0,0.0,0.0,2.5,0.83,24.55
22112,Compare survey computations with applicable standards to determine adequacy of data.,44.44,44.44,55.56,0.0,2.15,0.8,9.51
22140,"Compute design specifications for implementation of conservation practices, using survey or field information, technical guides or engineering manuals.",65.0,65.0,35.0,0.0,2.9,6.35,31.65
2216,Keep records of the quantities of food used.,83.64,83.64,16.36,0.0,2.45,4.03,90.87
22163,"Collect information about individuals or clients, using interviews, case histories, observational techniques, and other assessment methods.",64.59,64.59,35.41,0.06,2.79,1.96,28.17
22164,"Counsel individuals, groups, or families to help them understand problems, deal with crisis situations, define goals, and develop realistic action plans.",37.62,37.62,62.38,0.16,3.06,4.6,108.89
22165,"Document patient information including session notes, progress notes, recommendations, and treatment plans.",81.25,81.25,18.75,0.0,2.59,6.93,155.73
22166,"Interact with clients to assist them in gaining insight, defining goals, and planning action to achieve effective personal, social, educational, or vocational development and adjustment.",33.25,33.25,66.75,0.39,3.06,3.85,77.54
22167,"Develop therapeutic and treatment plans based on clients' interests, abilities, or needs.",60.06,55.71,37.04,0.0,3.04,6.38,64.87
22171,"Consult with or provide consultation to other doctors, therapists, or clinicians regarding patient care.",33.69,33.69,66.31,0.01,2.56,2.53,27.99
22175,Advise clients on how they could be helped by counseling.,32.42,32.42,67.58,0.01,3.17,2.86,80.38
22178,"Refer clients to other specialists, institutions, or support services as necessary.",43.23,43.23,56.77,0.01,2.68,2.23,56.95
22182,"Provide consulting services, including educational programs, outreach programs, or prevention talks to schools, social service agencies, businesses, or the general public.",25.95,25.95,74.05,0.07,2.59,2.64,27.57
22183,"Provide occupational, educational, or other information to individuals so that they can make educational or vocational plans.",38.13,38.13,61.87,0.02,2.9,5.26,86.24
22186,"Develop, direct, and participate in training programs for staff and students.",46.67,46.67,53.33,0.0,3.21,11.61,31.3
22187,Provide psychological or administrative services and advice to private firms or community agencies regarding mental health programs or individual cases.,19.51,19.51,80.49,0.0,2.73,3.07,39.18
222,"Recommend approval, denial, or conditional approval of proposals.",53.62,53.62,46.38,0.01,2.75,4.08,32.13
22202,Interview patients to obtain comprehensive medical histories.,69.39,69.39,30.61,0.0,2.87,2.6,45.34
22204,Provide education or counseling to individuals and families.,20.97,20.97,79.03,0.03,3.08,3.54,68.64
22229,"Research, compile, analyze and organize information from maps, reports, investigations, and books for use in reports and special projects.",61.9,61.9,38.1,0.0,3.05,7.2,32.63
22232,"Collect information and make judgments through observation, interviews, and review of documents.",64.82,65.58,35.6,0.04,2.73,1.81,20.23
22234,Write about and present research findings for a variety of specialized and general audiences.,33.33,33.33,66.67,0.0,2.53,7.53,40.67
22235,"Describe artifacts' physical properties or attributes, such as the materials from which artifacts are made and their size, shape, function, and decoration.",69.64,69.64,30.36,0.0,2.77,0.94,11.54
22254,Formulate general rules that describe and predict the development and behavior of cultures and social institutions.,13.64,13.81,87.44,0.01,2.98,9.57,82.02
22255,Study archival collections of primary historical sources to help explain the origins and development of cultural patterns.,45.45,45.45,54.55,0.0,2.56,11.28,49.0
22257,Enhance the cultural sensitivity of elementary and secondary curricula and classroom interactions in collaboration with educators and teachers.,47.06,47.06,52.94,0.0,2.67,3.68,34.39
22264,"Compile, log, or record testing or operational data for review and further analysis.",93.08,91.24,6.78,0.01,3.27,4.16,28.77
22267,"Prepare or review professional, technical, or other reports regarding sampling, testing, or recommendations of data analysis.",78.75,89.47,24.14,0.0,3.72,6.21,17.63
22292,"Analyze ecological data about the impact of pollution, erosion, floods, and other environmental problems on bodies of water.",20.66,20.83,80.0,0.0,2.5,2.91,32.58
22298,"Estimate the costs and benefits of municipal projects, such as hydroelectric power plants, irrigation systems, and wastewater treatment facilities.",24.24,24.24,75.76,0.0,2.91,10.77,49.3
22301,"Locate and deliver information or data as requested by customers, such as contractors, government entities, and members of the public.",61.96,61.96,38.04,0.04,2.6,2.89,18.31
22307,"Write materials for research publications, such as maps, tables, and reports, to disseminate findings.",36.41,36.41,63.59,0.01,3.08,10.37,51.51
22350,"Plan or supervise experiential learning activities, such as class projects, field trips, demonstrations, or visits by guest speakers.",55.0,55.0,45.0,0.0,3.2,3.48,18.89
22353,"Prepare objectives, outlines, or other materials for courses of study, following curriculum guidelines or school or state requirements.",50.89,50.89,49.11,0.02,3.01,8.4,32.9
22354,"Prepare, administer, or grade assignments to evaluate students' progress.",62.5,62.5,37.5,0.0,2.89,3.67,32.39
22355,"Present information in audio-visual or interactive formats, using computers, televisions, audio-visual aids, or other equipment, materials, or technologies.",55.9,55.9,44.1,0.01,3.41,8.34,21.5
22369,"Guide or counsel students with adjustment problems, academic problems, or special academic interests.",33.24,34.19,68.66,0.0,2.67,3.27,43.8
22373,Interpret the results of standardized tests to determine students' strengths and areas of need.,67.74,67.74,32.26,0.0,2.84,3.19,18.94
22381,"Plan or conduct activities for a balanced program of instruction, demonstration, and work time that provides students with opportunities to observe, question, and investigate.",40.77,38.54,56.0,0.01,2.88,3.8,38.71
22385,"Prepare, administer, or grade tests or assignments to evaluate students' progress.",54.81,54.9,45.27,0.02,2.96,5.63,32.11
22389,Answer students' questions.,22.09,22.09,77.91,1.15,2.52,4.43,46.97
2239,Plan bar menus.,27.03,31.25,84.38,0.0,2.74,5.62,45.06
22392,Counsel students with adjustment or academic problems.,45.14,45.14,54.86,0.01,2.66,2.62,65.77
22397,Grade students' assignments and exams.,48.76,48.76,51.24,0.01,2.63,3.35,28.87
22404,"Teach a variety of subjects, such as English, mathematics, and social studies.",43.88,48.98,62.63,0.0,2.8,4.6,39.7
22406,Tutor or assist students individually or in small groups.,25.98,25.98,74.02,0.2,2.37,3.09,59.46
22408,"Teach library patrons basic computer skills, such as searching computerized databases.",45.53,45.53,54.47,0.0,2.55,2.28,41.55
2241,Create drink recipes.,47.89,47.89,52.11,0.02,2.85,2.17,26.31
22411,"Search standard reference materials, including online sources and the Internet, to answer patrons' reference questions.",50.8,50.8,49.2,3.74,2.53,2.14,18.86
22414,"Plan and teach classes on topics such as information literacy, library instruction, and technology use.",37.8,37.8,62.2,0.0,2.76,2.63,36.89
22416,"Code, classify, and catalog books, publications, films, audio-visual aids, and other library materials, based on subject matter or standard library classification systems.",78.57,78.57,21.43,0.0,2.9,1.97,12.47
22419,"Plan and deliver client-centered programs and services, such as special services for corporate clients, storytelling for children, newsletters, or programs for special groups.",57.89,63.89,46.48,0.0,3.17,2.66,18.94
22420,Locate unusual or unique information in response to specific requests.,48.51,48.51,51.49,0.45,2.7,4.73,32.93
22421,Troubleshoot problems with audio-visual equipment.,88.56,88.56,11.44,0.02,2.46,1.46,40.74
22436,Train faculty and media staff on the use of software and audio-visual equipment.,68.38,68.29,31.58,0.0,2.71,4.23,74.12
22438,"Analyze performance data to determine effectiveness of instructional systems, courses, or instructional materials.",32.79,32.79,67.21,0.0,2.58,3.84,31.13
22439,"Assess effectiveness and efficiency of instruction according to ease of instructional technology use and student learning, knowledge transfer, and satisfaction.",26.32,26.32,73.68,0.0,2.71,2.85,22.14
22440,Conduct needs assessments and strategic learning assessments to develop the basis for curriculum development or to update curricula.,,,,0.0,2.8,3.65,31.93
22441,"Define instructional, learning, or performance objectives.",30.58,29.71,67.43,0.02,2.62,4.42,51.98
22442,Design instructional aids for stand-alone or instructor-led classroom or online use.,55.39,55.39,44.61,0.12,3.37,8.95,24.02
22443,"Design learning products, including Web-based aids or electronic performance support systems.",63.71,63.71,36.29,0.01,3.59,10.74,15.4
22444,"Develop instructional materials, such as lesson plans, handouts, or examinations.",53.25,53.25,46.75,0.61,3.15,9.44,30.61
22445,"Develop master course documentation or manuals according to applicable accreditation, certification, or other requirements.",54.16,54.16,45.84,0.02,3.19,15.08,39.7
22446,Develop measurement tools to evaluate the effectiveness of instruction or training interventions.,29.41,29.41,70.59,0.0,2.78,6.46,33.61
22447,"Edit instructional materials, such as books, simulation exercises, lesson plans, instructor guides, and tests.",59.74,59.74,40.26,0.02,2.85,3.97,17.26
22449,"Present and make recommendations regarding course design, technology, and instruction delivery options.",21.48,21.48,78.52,0.02,2.76,5.14,43.56
22450,"Provide analytical support for the design and development of training curricula, learning strategies, educational policies, or courseware standards.",21.26,21.26,78.74,0.01,2.79,7.2,50.91
22451,"Recommend changes to curricula or delivery methods, based on information such as instructional effectiveness data, current or future performance requirements, feasibility, and costs.",19.41,17.46,72.48,0.0,2.76,5.15,43.3
22453,Teach instructors to use instructional technology or to integrate technology with teaching.,,,,0.0,2.73,3.95,57.93
22464,"Grade homework and tests, and compute and record results, using answer sheets or electronic marking devices.",69.23,69.23,30.77,0.0,2.56,1.78,11.82
22465,Instruct and monitor students in the use and care of equipment and materials to prevent injuries and damage.,76.19,76.19,23.81,0.0,2.48,3.31,74.19
22471,"Organize and supervise games and other recreational activities to promote physical, mental, and social development.",42.31,42.31,57.69,0.0,2.89,2.19,29.5
22473,"Plan, prepare, and develop various teaching aids, such as bibliographies, charts, and graphs.",44.89,43.8,53.78,0.05,3.26,8.4,31.56
22474,"Prepare lesson materials, bulletin board displays, exhibits, equipment, and demonstrations.",30.61,30.61,69.39,0.0,3.26,6.14,27.0
22481,Tutor and assist children individually or in small groups to help them master assignments and to reinforce learning concepts presented by teachers.,57.63,57.63,42.37,0.01,2.4,1.3,24.35
22483,"Use computers, audio-visual aids, and other equipment and materials to supplement presentations.",43.75,43.75,56.25,0.0,3.44,8.19,28.38
22514,Write and edit news stories from information collected by reporters and other sources.,44.85,44.85,55.15,0.0,2.43,4.37,37.88
22515,"Plan details such as framing, composition, camera movement, sound, and actor movement for each shot or scene.",42.76,42.76,57.24,0.0,2.56,4.96,68.41
22522,"Research production topics using the internet, video archives, and other informational sources.",22.22,22.22,77.78,0.0,3.07,8.09,39.95
22526,Establish pace of programs and sequences of scenes according to time requirements and cast and set accessibility.,50.0,50.0,50.0,0.0,2.61,4.26,26.83
22527,Conduct meetings with staff to discuss production progress and to ensure production objectives are attained.,,,,0.0,2.25,1.17,14.56
22528,"Compile scripts, program notes, and other material related to productions.",68.94,68.94,31.06,0.0,2.7,6.48,30.85
22533,Compose and edit scripts or provide screenwriters with story outlines from which scripts can be written.,25.05,25.05,74.95,0.06,2.64,8.15,63.72
22535,Cut and edit film or tape to integrate component parts into desired sequences.,67.42,67.42,32.58,0.0,3.28,2.97,32.88
22536,Choose settings and locations for films and determine how scenes will be shot in these settings.,34.43,34.43,65.57,0.04,2.68,6.27,61.67
22539,Write and submit proposals to bid on contracts for projects.,26.0,26.0,74.0,0.0,2.96,11.43,54.86
22546,"Study scores to learn the music in detail, and to develop interpretations.",41.18,41.18,58.82,0.0,2.84,1.18,14.47
22547,"Apply elements of music theory to create musical and tonal structures, including harmonies and melodies.",43.39,40.63,53.01,0.0,3.23,4.25,32.33
22548,"Consider such factors as ensemble size and abilities, availability of scores, and the need for musical variety, to select music to be performed.",33.01,33.33,67.65,0.0,2.76,2.96,49.82
22549,"Determine voices, instruments, harmonic structures, rhythms, tempos, and tone balances required to achieve the effects desired in a musical composition.",38.42,38.42,61.58,0.0,3.03,5.4,45.28
22550,"Experiment with different sounds, and types and pieces of music, using synthesizers and computers as necessary to test and evaluate ideas.",55.0,55.0,45.0,0.0,3.24,6.0,37.67
22551,"Transcribe ideas for musical compositions into musical notation, using instruments, pen and paper, or computers.",36.0,36.0,64.0,0.0,3.46,5.51,33.57
22560,Explore and develop musical ideas based on sources such as imagination or sounds in the environment.,36.36,36.36,63.64,0.0,2.74,3.55,73.24
22564,"Arrange music composed by others, changing the music to achieve desired effects.",50.0,50.0,50.0,0.0,2.83,3.64,74.89
22567,"Transcribe musical compositions and melodic lines to adapt them to a particular group, or to create a particular musical style.",38.89,38.89,61.11,0.0,2.94,3.35,23.11
22593,"Research particular roles to find out more about a character, or the time and place in which a piece is set.",20.0,20.0,80.0,0.0,2.93,6.29,75.63
22597,Compose songs or create vocal arrangements.,39.15,35.61,55.35,0.01,2.95,4.97,33.49
22598,Arrange and edit music to fit style and purpose.,33.33,33.33,66.67,0.0,3.0,3.35,50.43
226,"Advise planning officials on project feasibility, cost-effectiveness, regulatory conformance, or possible alternatives.",30.17,30.17,69.83,0.0,2.8,7.98,47.15
22604,Accept music requests from event guests.,56.96,56.96,43.04,0.0,2.74,0.45,10.5
22606,Advertise services using media such as internet advertising and brochures.,73.17,73.17,26.83,0.0,3.28,2.04,22.88
22611,Create itemized invoices to record amounts due for services rendered.,66.67,66.67,33.33,0.0,3.21,2.22,17.42
22623,"Write commentaries, columns, or scripts, using computers.",35.73,35.73,64.27,0.13,2.74,5.77,38.28
22625,"Examine news items of local, national, and international significance to determine topics to address, or obtain assignments from editorial staff members.",55.91,55.91,44.09,0.0,3.16,7.44,47.71
22626,Analyze and interpret news and information received from various sources to broadcast the information.,38.73,38.73,61.27,0.0,3.02,2.11,18.45
22628,Research a story's background information to provide complete and accurate information.,52.94,52.94,47.06,0.0,2.88,4.35,20.06
22630,"Gather information and develop perspectives about news subjects through research, interviews, observation, and experience.",62.5,62.5,37.5,0.0,2.87,4.47,34.87
22631,"Select material most pertinent to presentation, and organize this material into appropriate formats.",38.86,38.86,61.14,0.62,2.83,5.11,37.95
22633,Establish and maintain relationships with individuals who are credible sources of information.,40.0,40.0,60.0,0.0,2.94,0.97,12.76
22635,Revise work to meet editorial approval or to fit time or space requirements.,11.78,11.78,88.22,0.4,2.45,4.84,49.85
22638,"Review written, audio, or video copy, and correct errors in content, grammar, or punctuation, following prescribed editorial style and formatting guidelines.",24.34,24.34,75.66,0.29,2.47,4.4,47.71
22640,"Determine a published or broadcasted story's emphasis, length, and format, organizing material accordingly.",28.67,29.05,72.27,0.09,2.66,6.53,63.06
22649,"Communicate with readers, viewers, advertisers, or the general public via mail, email, or telephone.",41.72,41.72,58.28,0.0,2.52,1.45,20.94
22650,"Write online blog entries that address news developments or offer additional information, opinions, or commentary on news events.",50.73,50.73,49.27,0.02,2.85,9.06,46.88
22652,"Write columns, editorials, commentaries, or reviews that interpret events or offer opinions.",40.57,40.57,59.43,0.02,2.66,3.88,29.18
22653,"Discuss with the client the product, advertising themes and methods, and any changes that should be made in advertising copy.",8.96,8.96,91.04,0.0,2.35,3.96,56.08
22654,Present drafts and ideas to clients.,33.24,32.91,66.11,0.02,2.71,3.57,38.1
22655,Vary language and tone of messages based on product and medium.,31.53,31.53,68.47,0.2,2.63,3.75,35.63
22656,"Develop advertising campaigns for a wide range of clients, working with an advertising agency's creative director and art director to determine the best way to present advertising information.",29.17,29.17,70.83,0.0,2.93,7.11,51.22
22657,"Write articles, bulletins, sales letters, speeches, and other related informative, marketing and promotional material.",45.39,46.85,56.37,0.17,2.8,5.99,41.48
22659,"Invent names for products and write the slogans that appear on packaging, brochures and other promotional material.",24.16,23.02,72.25,0.01,2.81,6.96,48.06
22664,"Edit or rewrite existing written material as necessary, and submit written material for approval by supervisor, editor, or publisher.",27.95,27.95,72.05,0.94,2.54,4.22,42.63
22669,"Work with staff to develop script, story, or advertising concepts.",9.09,9.09,90.91,0.0,2.52,7.77,108.93
22670,"Write advertising material for use by publication, broadcast, or internet media to promote the sale of goods and services.",40.55,40.55,59.45,0.14,2.74,5.1,37.0
22672,"Write to customers in their terms and on their level so that the script, story, or advertisement message is more readily received.",32.46,32.46,67.54,0.07,2.66,5.57,45.94
22690,"Advise patients and community members concerning diet, activity, hygiene, or disease prevention.",46.64,46.64,53.36,0.02,2.53,1.98,42.41
22691,Answer questions that patients have about their health and well-being.,37.36,37.36,62.64,0.81,2.59,1.21,23.73
22692,Calculate valve areas from blood flow velocity measurements.,85.65,85.29,14.29,0.0,1.97,0.22,1.6
22700,"Diagnose medical conditions of patients, using records, reports, test results, or examination information.",50.0,50.0,50.0,0.0,2.39,2.17,34.33
22701,Explain procedures and discuss test results or prescribed treatments with patients.,32.13,32.13,67.87,0.02,2.45,1.45,29.88
22715,"Analyze records, examination information, or test results to diagnose medical conditions.",52.21,52.21,47.79,0.0,2.59,2.89,53.41
22718,Communicate likely outcomes of medical diseases or traumatic conditions to patients or their representatives.,22.53,22.53,77.47,0.08,2.6,1.76,42.42
22719,Conduct primary patient assessments that include information from prior medical care.,63.31,47.06,27.27,0.0,2.94,3.88,36.43
22723,Evaluate patients' vital signs or laboratory data to determine emergency intervention needs and priority of treatment.,56.12,56.12,43.88,0.0,2.61,3.44,73.36
22724,"Identify factors that may affect patient management, such as age, gender, barriers to communication, and underlying disease.",45.82,45.82,54.18,0.01,2.69,3.29,41.2
22728,Refer patients to specialists or other practitioners.,63.85,63.85,36.15,0.0,2.62,1.05,19.93
22745,"Analyze patient's medical history, medication allergies, physical condition, and examination results to verify operation's necessity and to determine best procedure.",44.44,44.44,55.56,0.0,2.61,6.01,34.0
22819,"Record, process, and maintain patient data or treatment records and prepare reports.",58.23,58.23,41.77,0.0,2.91,6.07,44.68
22833,"Calculate, or verify calculations of, prescribed radiation doses.",75.0,75.0,25.0,0.0,1.81,0.49,4.83
22841,"Educate patients regarding treatment plans, physiological reactions to treatment, or post-treatment care.",31.4,31.4,68.6,0.16,2.52,2.43,54.47
22853,Assess nature and extent of illness or injury to establish and prioritize medical procedures.,65.79,65.79,34.21,0.0,2.69,2.03,31.42
22855,Comfort and reassure patients.,45.08,45.08,54.92,0.03,2.94,2.41,79.67
22871,Instruct emergency medical response team about emergency interventions to ensure correct application of procedures.,29.41,29.41,70.59,0.0,2.41,3.1,28.59
22879,Consult classification manuals to locate information about disease processes.,51.43,51.43,48.57,0.0,2.43,2.7,11.51
22892,Schedule medical appointments for patients.,68.18,68.18,31.82,0.0,2.52,0.66,19.74
22896,"Design databases to support healthcare applications, ensuring security, performance and reliability.",63.64,63.64,36.36,0.0,3.09,8.6,26.52
22909,"Write or maintain archived procedures, procedural codes, or queries for applications.",51.52,51.52,48.48,0.0,3.0,5.09,35.9
22920,Schedule employee work assignments and set work priorities.,55.65,58.82,46.88,0.0,3.0,2.38,10.18
22929,"Perform administrative duties, such as compiling and maintaining records, completing forms, preparing reports, or composing correspondence.",46.31,46.31,53.69,0.0,2.67,3.23,39.23
22940,"Advise employees in handling problems or resolving complaints from customers, tenants, detainees, or other persons.",60.0,60.0,40.0,0.0,2.33,1.3,20.8
22944,"Develop and document security procedures, policies, or standards.",34.62,34.62,65.38,0.0,2.73,5.72,57.15
22945,Explain company policies and procedures to staff using oral or written communication.,33.33,33.33,66.67,0.0,2.35,1.86,24.69
23025,"Prepare charges or responses to charges, or information for court cases, according to formalized procedures.",32.0,32.0,68.0,0.0,2.6,7.66,57.73
23029,Prepare reports that detail investigation findings.,40.91,40.91,59.09,0.0,2.77,5.52,46.38
23041,Notify command of situation and request assistance.,,,,0.0,2.72,0.54,4.0
23046,"Determine scope, timing, and direction of investigations.",79.66,79.66,20.34,0.0,2.55,5.63,59.89
23050,Examine records to locate links in chains of evidence or information.,54.55,54.55,45.45,0.0,2.68,12.65,80.95
23053,Record facts to prepare reports that document incidents and activities.,53.57,53.57,46.43,0.0,2.45,3.64,44.83
23055,Investigate illegal or suspicious activities.,59.09,59.09,40.91,0.0,2.96,5.59,47.36
23064,Evaluate complaint and emergency-request information to determine response requirements.,83.61,83.61,16.39,0.0,2.58,1.21,19.29
23074,Inform citizens of community services and recommend options to facilitate longer-term problem resolution.,48.45,48.45,51.55,0.01,2.49,0.92,12.62
23097,"Talk to children's parents or guardians about problematic behaviors, emotional or developmental problems, or related issues.",50.32,50.32,49.68,0.01,2.85,1.89,47.58
23099,"Communicate with customers regarding orders, comments, and complaints.",49.05,46.13,47.92,0.01,2.41,1.84,36.58
23134,"Explain and interpret house rules, such as game rules or betting limits, for patrons.",12.31,12.31,87.69,0.0,2.35,0.77,14.17
23138,Record the specifics of malfunctioning machines and document malfunctions needing repair.,71.87,71.88,28.13,0.0,2.78,2.45,27.31
23146,Evaluate workers' performance and prepare written performance evaluations.,39.02,39.02,60.98,0.0,2.68,3.68,30.7
2315,"Supply guests or travelers with directions, travel information, and other information, such as available services and points of interest.",76.84,76.84,23.16,0.01,2.84,1.03,14.1
23157,Analyze and record personnel or operational data and write related activity reports.,67.79,66.67,31.68,0.03,2.98,3.21,19.79
23160,Collaborate with staff members to plan or develop programs of events or schedules of activities.,28.53,28.53,71.47,0.03,2.87,6.63,51.83
23162,Furnish customers with information on events or activities.,58.33,58.33,41.67,0.0,2.71,1.11,9.4
23169,Provide staff with assistance in performing difficult or complicated duties.,29.73,29.73,70.27,0.0,2.2,3.73,83.4
23178,"Inform management about problems, such as employee disputes.",56.76,56.76,43.24,0.0,2.64,1.93,25.2
23184,Offer counsel and comfort to bereaved families or friends.,45.28,48.16,58.21,0.01,2.92,1.96,70.17
23193,Monitor markets or positions.,96.15,96.15,3.85,0.01,2.97,1.75,10.86
23195,Keep accurate records of transactions.,90.91,90.91,9.09,0.0,2.95,2.88,31.77
23197,Complete sales order tickets and submit for processing of client-requested transactions.,100.0,100.0,0.0,0.0,2.81,0.66,12.89
23199,"Interview clients to determine clients' assets, liabilities, cash flow, insurance coverage, tax status, or financial objectives.",55.0,55.0,45.0,0.0,2.56,2.16,18.31
23200,Discuss financial options with clients and keep them informed about transactions.,24.94,25.49,76.71,0.02,2.33,2.01,31.41
23201,Determine customers' financial services needs and prepare proposals to sell services that address these needs.,18.52,18.52,81.48,0.0,2.89,9.4,28.25
23206,Contact prospective customers to present information and explain available services.,71.93,71.93,28.07,0.01,3.07,3.71,29.25
23208,"Track and analyze factors that affect price movement, such as trade policies, weather conditions, political developments, or supply and demand changes.",55.82,55.82,44.18,0.07,2.7,6.78,49.23
23210,Offer advice on the purchase or sale of particular securities.,32.26,32.26,67.74,0.0,2.32,3.87,56.94
23211,Evaluate costs and revenue of agreements to determine continued profitability.,25.64,25.64,74.36,0.0,2.68,8.82,76.66
23212,Explain stock market terms or trading practices to clients.,7.55,7.55,92.45,0.02,2.38,1.3,17.37
23213,Calculate costs for billings or commissions.,30.77,30.77,69.23,0.0,2.54,2.41,25.35
23214,Prepare financial reports to monitor client or corporate finances.,52.57,52.57,47.43,0.03,3.31,7.94,33.26
23215,"Supply the latest price quotes on any security, as well as information on the activities or financial positions of the corporations issuing these securities.",47.62,47.62,52.38,0.0,2.48,3.05,44.95
23219,Prepare and send requests for price quotations to all companies in a particular market.,29.41,29.41,70.59,0.0,2.78,3.11,26.81
23222,"Answer customers' questions about services, prices, availability, or credit terms.",55.39,55.39,44.61,0.09,2.4,0.53,6.55
23224,Compute and compare costs of services.,46.5,46.55,53.55,0.01,2.58,2.76,26.73
23225,Consult with clients after sales or contract signings to resolve problems and provide ongoing support.,62.46,62.46,37.54,0.01,2.34,3.89,95.8
23226,Contact prospective or existing customers to discuss how services can meet their needs.,71.98,71.98,28.02,0.01,2.91,3.54,28.79
23228,Develop sales presentations or proposals to explain service specifications.,34.61,34.61,65.39,0.07,2.91,8.07,53.5
23230,Emphasize or recommend service features based on knowledge of customers' needs and vendor capabilities and limitations.,42.8,42.8,57.2,0.13,2.66,2.64,28.37
23232,Inform customers of contracts or other information pertaining to purchased services.,30.79,30.79,69.21,0.01,2.47,3.33,39.21
23233,Maintain customer records using automated systems.,88.0,88.0,12.0,0.0,3.08,2.3,25.13
23234,"Monitor market conditions, innovations, and competitors' services, prices, and sales.",90.32,90.32,9.68,0.0,3.81,2.75,3.61
23236,"Quote prices, credit terms, contract terms, or fulfillment dates for services.",37.84,37.84,62.16,0.0,2.66,2.51,39.05
23238,Verify accuracy of billing data and revise any errors.,62.3,62.3,37.7,0.0,2.71,3.97,29.39
23240,"Prepare itemized statements, bills, or invoices and record amounts due for items purchased or services rendered.",49.71,47.27,47.83,0.0,3.07,5.66,29.71
23241,"Perform bookkeeping work, including posting data or keeping other records concerning costs of goods or services or the shipment of goods.",75.0,75.0,25.0,0.0,3.2,8.13,37.84
23246,Keep records of invoices and support documents.,76.71,76.71,23.29,0.0,2.84,3.86,20.77
23248,Monitor equipment to ensure proper operation.,100.0,100.0,0.0,0.0,2.44,0.22,0.94
23255,"Consult sources, such as rate books, manuals, or insurance company representatives, to determine specific charges or information such as rules, regulations, or government tax and tariff information.",45.57,45.57,54.43,0.0,2.72,3.88,26.94
23257,"Update manuals when rates, rules, or regulations are amended.",42.31,42.31,57.69,0.0,3.06,7.46,25.99
2326,"Page guests in hotel lobbies, dining rooms, or other areas.",,,,0.0,1.73,0.22,0.2
23260,Review compiled data on operating costs and revenues to set rates.,28.18,28.18,71.82,0.01,2.75,5.12,34.74
23262,"Answer inquiries regarding rates, routing, or procedures.",30.48,30.48,69.52,0.0,2.35,1.15,15.95
23263,"Compile reports of cost factors, such as labor, production, storage, and equipment.",37.87,37.87,62.13,0.0,3.2,10.13,36.97
23264,"Create billing documents, shipping labels, credit memorandums, or credit forms.",43.7,43.7,56.3,0.01,2.94,3.3,23.52
23268,"Verify the authenticity of documents, such as foreign identification or immigration documents.",57.14,66.67,50.0,0.0,2.88,2.89,9.38
23269,Record and edit the minutes of meetings and distribute to appropriate officials or staff members.,63.64,63.64,36.36,0.0,2.87,3.18,18.62
23273,"Answer questions or provide advice to the public regarding licensing policies, procedures, or regulations.",40.69,40.69,59.31,0.02,2.3,1.31,21.46
23274,Prepare meeting agendas or packets of related information.,48.01,48.01,51.99,0.1,3.0,5.04,30.95
23275,"Prepare and issue orders of the court, such as probation orders, release documentation, sentencing information, or summonses.",62.96,62.96,37.04,0.0,2.7,4.84,27.63
23276,"Prepare ordinances, resolutions, or proclamations so that they can be executed, recorded, archived, or distributed.",55.56,55.56,44.44,0.0,3.06,5.04,30.44
23279,"Perform budgeting duties, such as assisting in budget preparation, expenditure review, or budget administration.",36.75,36.75,63.25,0.01,2.65,6.51,59.66
23281,Prepare documents recording the outcomes of court proceedings.,52.73,52.73,47.27,0.0,2.91,3.85,26.78
23282,Examine legal documents submitted to courts for adherence to laws or court procedures.,43.23,39.39,51.72,0.0,2.58,4.16,39.8
23286,"Search files and contact witnesses, attorneys, or litigants to obtain information for the court.",56.94,56.67,42.86,0.0,2.67,17.85,30.75
23288,"Answer inquiries from the general public regarding judicial procedures, court appearances, trial dates, adjournments, outstanding warrants, summonses, subpoenas, witness fees, or payment of fines.",35.42,35.42,64.58,0.0,2.31,1.23,22.7
2329,Complete baggage insurance forms.,65.99,65.99,34.01,0.0,2.77,0.92,7.37
23297,Keep records of customers' charges and payments.,60.0,60.0,40.0,0.0,2.87,6.65,28.73
23298,Compile and analyze credit information gathered by investigation.,50.62,50.63,49.38,0.0,2.66,4.15,40.9
23305,"Examine city directories and public records to verify residence property ownership, bankruptcies, liens, arrest record, or unpaid taxes of applicants.",67.45,78.95,38.1,0.0,3.0,6.04,69.16
2331,"Support children's emotional and social development, encouraging understanding of others and positive self-concepts.",40.57,40.57,59.43,0.0,2.86,2.01,39.64
23311,Prepare reports of findings and recommendations.,34.62,34.62,65.38,0.0,2.92,10.18,86.19
23314,Calculate amount of claim.,53.33,53.33,46.67,0.0,2.44,1.52,16.5
23320,"Organize or work with detailed office or warehouse records, using computers to enter, access, search or retrieve data.",77.54,80.28,23.26,0.04,3.01,3.66,19.77
23321,"Provide customer service, such as limited instructions on proceeding with claims or referrals to auto repair facilities or local contractors.",57.58,57.58,42.42,0.0,2.36,1.24,34.06
23326,"Transcribe data to worksheets, and enter data into computer for use in preparing documents and adjusting accounts.",67.81,67.81,32.19,0.04,3.17,3.97,18.23
23329,"Process, prepare, and submit business or government forms, such as submitting applications for coverage to insurance carriers.",55.56,55.56,44.44,0.0,2.78,5.85,67.06
23334,"Compose business correspondence for supervisors, managers, and professionals.",44.8,44.8,55.2,0.76,2.45,1.66,23.65
23336,"Calculate premiums, refunds, commissions, adjustments, or new reserve requirements, using insurance rate standards.",42.86,42.86,57.14,0.0,2.47,2.18,24.06
23337,Enter insurance- and claims-related information into database systems.,85.71,85.71,14.29,0.0,3.19,2.89,25.79
23343,"Observe animals for signs of illness, injury, or unusual behavior, notifying veterinarians or managers as warranted.",71.43,71.43,28.57,0.0,2.75,0.65,21.54
23351,"Inspect crops, fields, or plant stock to determine conditions and need for cultivating, spraying, weeding, or harvesting.",69.23,69.23,30.77,0.0,2.5,0.51,16.81
23359,"Read inventory records, customer orders, or shipping schedules to determine required activities.",99.69,99.69,0.31,0.01,2.38,0.26,1.88
23368,"Monitor operations to identify and solve problems, improve work methods, and ensure compliance with safety, company, and government regulations.",100.0,100.0,0.0,0.0,2.98,0.28,1.38
2337,"Keep records on individual children, including daily observations and information about activities, meals served, and medications administered.",76.47,76.47,23.53,0.0,2.53,4.53,87.94
23380,"Identify plants, pests, and weeds to determine the selection and application of pesticides and fertilizers.",72.73,72.73,27.27,0.0,2.41,0.82,13.0
23384,"Provide information and advice to the public regarding the selection, purchase, and care of products.",53.16,53.16,46.84,0.02,2.5,0.91,15.41
23393,Inspect plants and bud ties to assess quality.,73.08,73.08,26.92,0.0,2.52,0.31,7.0
23438,"Maintain records, document actions, and present written progress reports.",79.48,79.48,20.52,0.03,3.21,2.79,22.64
23454,Prepare cost estimates for clients or employers.,54.84,54.84,45.16,0.0,2.89,3.33,18.27
235,"Interview clients individually, in families, or in groups, assessing their situations, capabilities, and problems to determine what services are required to meet their needs.",66.67,66.67,33.33,0.0,2.4,,
23526,Estimate costs of vehicle repair.,72.73,72.73,27.27,0.0,2.55,1.16,11.05
23528,"Troubleshoot fuel, ignition, and emissions control systems, using electronic testing equipment.",84.69,84.69,15.31,0.0,2.29,2.36,112.4
23535,"Plan work procedures, using charts, technical manuals, and experience.",72.4,72.4,27.6,0.03,2.78,1.82,25.06
23562,Inspect and test systems to verify system compliance with plans and specifications or to detect and locate malfunctions.,94.41,96.43,5.71,0.0,3.21,0.61,15.46
23563,"Record and report time, materials, faults, deficiencies, or other unusual occurrences on work orders.",78.95,78.95,21.05,0.0,2.55,4.03,49.55
23568,"Recommend, develop, or perform preventive or general maintenance procedures, such as cleaning, power-washing, or vacuuming equipment, oiling parts, or changing filters.",45.65,45.65,54.35,0.0,2.51,1.02,24.62
2359,Work with parents to develop and implement discipline programs to promote desirable child behavior.,46.15,46.15,53.85,0.0,2.83,1.72,32.65
236,"Counsel individuals, groups, families, or communities regarding issues including mental health, poverty, unemployment, substance abuse, physical abuse, rehabilitation, social adjustment, child care, or medical care.",31.7,31.7,68.3,0.03,2.89,3.12,73.41
23627,Compute costs of labor and materials to determine production costs of products and articles.,36.71,36.71,63.29,0.0,2.79,5.06,38.4
237,Maintain case history records and prepare reports.,50.0,50.0,50.0,0.0,3.0,7.06,62.62
23702,Explain and demonstrate work tasks to new workers or assign training tasks to experienced workers.,28.57,28.57,71.43,0.0,2.25,1.77,34.07
23709,"Recommend and implement measures to improve worker motivation, work methods, or customer services.",61.29,61.29,38.71,0.0,2.59,2.21,26.0
2371,"Prepare and maintain records of client progress and services performed, reporting changes in client condition to manager or supervisor.",65.19,65.19,34.81,0.01,2.78,3.69,42.18
2373,"Care for individuals or families during periods of incapacitation, family disruption, or convalescence, providing companionship, personal care, or help in adjusting to new lifestyles.",46.12,46.12,53.88,0.07,2.83,2.64,85.62
23736,Complete accident reports when necessary.,35.0,35.0,65.0,0.0,2.35,2.75,48.75
2374,"Instruct or advise clients on issues, such as household cleanliness, utilities, hygiene, nutrition, or infant care.",42.67,46.51,62.5,0.0,2.67,1.23,19.63
2375,"Plan, shop for, or prepare nutritious meals or assist families in planning, shopping for, or preparing nutritious meals.",75.0,75.0,25.0,0.0,2.69,0.36,7.61
23750,"Provide passengers with information or advice about the local area, points of interest, hotels, or restaurants.",64.33,64.0,35.48,0.0,2.62,2.07,32.49
2376,"Participate in case reviews, consulting with the team caring for the client, to evaluate the client's needs and plan for continuing services.",46.67,46.67,53.33,0.0,2.82,5.06,42.71
23855,Recommend remedial procedures to correct any violations found during inspections.,47.07,47.07,52.93,0.01,2.65,3.28,35.44
2386,"Explain principles, techniques, and safety procedures to participants in recreational activities and demonstrate use of materials and equipment.",37.64,37.64,62.36,0.01,2.62,1.22,19.63
23868,"Calculate gross and net tonnage, hold capacities, volumes of stored fuel and water, cargo weights, and vessel stability factors, using mathematical formulas.",73.91,73.91,26.09,0.0,2.34,0.46,4.47
23877,Answer customers' questions about merchandise and advise customers on merchandise selection.,43.72,43.72,56.28,0.05,2.51,0.72,10.94
2388,Complete and maintain time and attendance forms and inventory lists.,33.33,33.33,66.67,0.0,2.95,3.99,27.05
23893,"Recommend disposal of excess, defective, or obsolete stock.",58.33,58.33,41.67,0.0,2.75,4.93,49.54
23896,Compute prices of items or groups of items.,54.52,54.52,45.48,0.01,2.44,1.85,20.09
23904,Write grant applications to obtain funding.,34.67,36.54,68.85,0.0,2.92,11.13,68.97
23905,"Prepare or review reports, manuscripts, or meeting presentations.",53.63,53.63,46.37,0.12,2.72,5.08,29.28
23906,Write applications for research grants.,27.78,27.78,72.22,0.0,2.94,14.74,59.67
2391,"Meet and collaborate with agency personnel, community organizations, and other professional personnel to plan balanced recreational programs for participants.",36.0,36.0,64.0,0.0,2.96,3.38,33.69
23915,"Record and evaluate patient and family health and food history, including symptoms, environmental toxic exposure, allergies, medication factors, and preventive health-care measures.",48.19,46.51,50.0,0.0,2.77,6.51,114.42
23916,"Develop recipes and menus to address special nutrition needs, such as low glycemic, low histamine, or gluten- or allergen-free.",38.18,38.18,61.82,0.02,2.82,4.37,30.93
23922,"Observe and monitor patient food intake and body weight, and report changes, progress, and dietary problems to dietician.",86.67,86.67,13.33,0.0,2.07,4.13,59.27
23945,Evaluate fitness and wellness programs to determine their effectiveness.,17.88,17.88,82.12,0.0,2.65,2.13,26.96
23949,Advise political science students.,21.82,21.82,78.18,0.02,2.45,4.23,58.44
23951,Post and update content on the company's Web site and social media outlets.,81.14,79.31,18.43,0.01,3.47,5.22,32.47
23956,Develop software to control electrical systems.,60.55,60.55,39.45,0.01,2.95,7.98,77.74
2396,Encourage participants to develop their own activities and leadership skills through group discussions.,29.84,29.84,70.16,0.0,3.08,1.11,30.96
23961,Write articles for publication in professional journals.,39.61,39.61,60.39,0.03,2.98,12.19,49.06
23963,Explain sociological research to the general public.,19.88,19.88,80.12,0.01,2.84,2.01,12.18
23971,Research the target audience of projects.,52.19,52.19,47.81,0.01,2.88,9.52,46.42
23972,Write or edit copy for clients.,27.43,27.43,72.57,0.97,2.56,3.53,37.71
2398,"Evaluate staff performance, recording evaluations on appropriate forms.",43.75,43.75,56.25,0.0,3.06,3.69,44.31
23985,"Develop and administer compensation programs, such as merit or incentive pay.",16.67,16.67,83.33,0.0,2.83,8.26,46.75
23988,Review documents written by others.,24.64,24.64,75.36,0.05,2.54,3.45,28.92
23989,Write reports.,46.47,46.47,53.53,0.11,2.77,5.08,34.68
23990,"Counsel individuals or groups to help them understand and overcome personal, social, or behavioral problems affecting their educational or vocational situations.",44.17,44.17,55.83,0.06,2.75,3.56,81.69
23994,"Prepare, edit, or review legal documents, including legislation, briefs, pleadings, appeals, wills, contracts, and real estate closing statements.",36.11,35.97,63.64,0.13,2.96,7.45,48.62
24002,Mentor others on mathematical techniques.,9.16,9.16,90.84,0.15,2.37,3.21,48.19
24009,"Book airline or train tickets, reserve rental cars, or arrange shuttle service for guests.",47.06,47.06,52.94,0.0,2.47,3.21,52.47
2403,Greet customers entering establishments.,,,,0.01,2.15,0.25,0.18
2408,"Answer customers' questions, and provide information on procedures or policies.",29.24,29.14,70.52,0.82,2.36,1.37,17.29
2412,Compute and record totals of transactions.,46.7,51.85,59.18,0.0,2.64,3.29,29.04
242,"Collect supplementary information needed to assist client, such as employment records, medical records, or school reports.",56.67,56.67,43.33,0.0,2.88,5.03,38.0
243,"Address legal issues, such as child abuse and discipline, assisting with hearings and providing testimony to inform custody arrangements.",36.36,36.36,63.64,0.0,2.68,3.95,68.9
2432,Advise customers on substitution or modification of parts when identical replacements are not available.,42.65,43.45,58.42,0.03,2.45,1.01,19.69
2435,"Discuss use and features of various parts, based on knowledge of machines or equipment.",32.82,32.82,67.18,0.05,2.4,1.36,24.19
2436,"Demonstrate equipment to customers, and explain functioning of equipment.",27.03,28.33,76.47,0.0,2.67,2.31,10.34
2443,"Prepare documents such as representation contracts, purchase agreements, closing statements, deeds, and leases.",44.03,42.11,53.52,0.0,2.96,3.92,27.1
2447,Compare a property with similar properties that have recently sold to determine its competitive market price.,60.29,60.29,39.71,0.0,2.74,2.72,18.8
245,"Refer clients to community resources for services, such as job placement, debt counseling, legal aid, housing, medical treatment, or financial assistance, and provide concrete information, such as where to go and how to apply.",75.68,75.68,24.32,0.01,2.7,2.47,56.49
2453,"Answer clients' questions regarding construction work, financing, maintenance, repairs, and appraisals.",38.93,38.93,61.07,0.0,2.51,4.6,59.55
2454,"Inspect condition of premises, and arrange for necessary maintenance or notify owners of maintenance needs.",66.55,54.9,27.59,0.0,2.65,0.85,13.25
2458,"Advise clients on market conditions, prices, mortgages, legal requirements, and related matters.",47.43,47.43,52.57,0.03,2.62,3.44,34.01
2459,Evaluate mortgage options to help clients obtain financing at the best prevailing rates and terms.,30.0,30.0,70.0,0.0,2.45,5.51,81.1
2466,Conduct seminars and training sessions for sales agents to improve sales techniques.,59.26,59.26,40.74,0.0,2.78,3.06,21.0
2475,"Locate and notify customers of delinquent accounts by mail, telephone, or personal visits to solicit payment.",81.82,81.82,18.18,0.0,2.23,0.73,6.41
2479,"Sort and file correspondence and perform miscellaneous clerical duties, such as answering correspondence and writing reports.",96.3,96.3,3.7,0.0,3.19,1.1,7.33
2486,"Check figures, postings, and documents for correct entry, mathematical accuracy, and proper codes.",52.82,52.82,47.18,0.01,2.88,5.23,31.64
2489,"Debit, credit, and total accounts on computer spreadsheets and databases, using specialized accounting software.",58.62,61.51,43.42,0.01,3.2,5.85,33.38
2490,"Classify, record, and summarize numerical and financial data to compile and keep financial records, using journals and ledgers or computers.",68.17,67.39,31.46,0.01,3.04,5.16,29.23
2491,"Calculate, prepare, and issue bills, invoices, account statements, and other financial statements according to established procedures.",30.36,30.36,69.64,0.0,2.79,3.16,24.62
2492,"Compile statistical, financial, accounting, or auditing reports and tables pertaining to such matters as cash receipts, expenditures, accounts payable and receivable, and profits and losses.",67.57,67.57,32.43,0.01,3.07,4.31,18.97
2493,Code documents according to company procedures.,79.07,79.07,20.93,0.0,2.38,1.92,7.36
2494,Access computerized financial information to answer general questions as well as those related to specific accounts.,75.3,75.3,24.7,0.0,2.86,3.52,25.38
2497,"Perform financial calculations, such as amounts due, interest charges, balances, discounts, equity, and principal.",49.78,50.32,50.76,0.26,2.44,2.05,20.89
2506,Transfer details from separate journals to general ledgers or data processing sheets.,86.76,85.71,13.08,0.01,2.93,2.4,8.24
2507,"Compile budget data and documents, based on estimated revenues and expenses and previous budgets.",47.83,37.5,40.91,0.0,2.91,4.26,22.64
2508,"Calculate costs of materials, overhead, and other expenses, based on estimates, quotations and price lists.",42.16,42.75,58.65,0.01,2.87,4.86,36.74
2509,"Match order forms with invoices, and record the necessary information.",80.0,80.0,20.0,0.0,3.06,5.85,23.38
2511,Maintain inventory records.,63.79,62.9,35.71,0.0,2.91,4.02,16.05
2516,"Compute wages and deductions, and enter data into computers.",44.02,44.02,55.98,0.01,2.82,4.3,26.97
2517,"Compile employee time, production, and payroll data from time sheets and other records.",79.17,79.17,20.83,0.0,2.88,4.67,18.25
2532,"Determine if inventory quantities are sufficient for needs, ordering more materials when necessary.",34.78,34.78,65.22,0.0,3.0,5.23,39.7
2538,"Compare prices, specifications, and delivery dates to determine the best bid among potential suppliers.",53.59,53.59,46.41,0.0,2.65,5.01,45.53
2542,Compare suppliers' bills with bids and purchase orders to verify accuracy.,62.5,62.5,37.5,0.0,2.56,2.98,20.5
2544,"Locate suppliers, using sources such as catalogs and the internet, and interview them to gather information about products to be ordered.",78.03,81.77,23.02,0.0,2.54,2.39,19.74
255,Conduct social research.,54.55,54.55,45.45,0.0,2.89,8.66,33.03
2553,Enter customers' transactions into computers to record transactions and issue computer-generated receipts.,95.92,95.92,4.08,0.0,3.2,1.19,9.51
2555,Identify transaction mistakes when debits and credits do not balance.,60.66,59.42,38.53,0.0,3.06,6.5,36.46
2570,"Compute financial fees, interest, and service charges.",46.14,46.14,53.86,0.01,2.46,2.25,23.27
2572,"Compose, type, and mail customer statements and other correspondence related to issues such as discrepancies and outstanding unpaid items.",47.83,44.85,48.91,0.0,2.49,1.24,14.18
2575,"Quote unit exchange rates, following daily international rate sheets or computer displays.",52.73,52.73,47.27,0.0,2.31,1.35,18.03
2579,"Resolve customers' service or billing complaints by performing activities such as exchanging merchandise, refunding money, or adjusting bills.",69.57,69.57,30.43,0.0,2.3,1.93,49.35
2581,Contact customers to respond to inquiries or to notify them of claim investigation results or any planned adjustments.,93.49,91.63,6.38,0.01,2.15,0.42,1.48
2586,Solicit sales of new or additional services or products.,42.86,42.86,57.14,0.0,2.5,2.82,60.68
2593,Add new material to file records or create new records as necessary.,91.84,91.84,8.16,0.01,3.18,1.46,7.94
2597,"Sort or classify information according to guidelines, such as content, purpose, user criteria, or chronological, alphabetical, or numerical order.",70.31,70.31,29.69,0.07,2.76,3.68,17.99
2599,Scan or read incoming materials to determine how and where they should be classified or filed.,88.24,88.24,11.76,0.0,2.52,0.94,8.67
2602,Answer questions about records or files.,51.8,51.8,48.2,0.0,2.28,1.16,15.78
2629,"Compile, record, and code results or data from interview or survey, using computer or specified form.",67.38,67.38,32.62,0.01,2.87,6.88,29.02
2632,Assist individuals in filling out applications or questionnaires.,72.85,72.85,27.15,0.01,2.39,1.36,37.15
2635,Explain survey objectives and procedures to interviewees and interpret survey questions to help interviewees' comprehension.,27.78,27.78,72.22,0.0,2.35,0.79,15.67
2637,Prepare reports to provide answers in response to specific problems.,57.63,57.63,42.37,0.2,3.1,9.66,33.7
2641,"Collect and analyze data, such as studying old records, tallying the number of outpatients entering each day or week, or participating in federal, state, or local population surveys as a Census Enumerator.",73.28,73.28,26.72,0.0,3.12,5.29,22.5
2643,Enter and update patrons' records on computers.,90.0,90.0,10.0,0.0,3.35,1.88,15.8
2654,Classify and catalog items according to content and purpose.,90.59,87.17,9.05,0.01,3.32,2.3,6.52
266,Modify treatment plans to comply with changes in clients' status.,44.44,44.44,55.56,0.0,3.16,6.52,51.43
2662,"Select substitute titles when requested materials are unavailable, following criteria such as age, education, and interests.",55.17,55.17,44.83,0.0,2.63,1.38,11.23
2669,"Prepare invoices, shipping documents, and contracts.",33.7,34.78,68.42,0.0,2.95,6.11,49.95
267,"Monitor, evaluate, and record client progress according to measurable goals described in treatment and care plan.",87.5,87.5,12.5,0.0,2.48,3.42,107.6
2670,"Inform customers by mail or telephone of order information, such as unit prices, shipping dates, and any anticipated delays.",83.49,83.49,16.51,0.0,2.15,0.39,3.43
2671,Receive and respond to customer complaints.,75.08,75.08,24.92,0.02,2.52,0.67,13.65
2674,Check inventory records to determine availability of requested merchandise.,87.39,81.48,11.76,0.0,2.88,1.85,11.59
2680,Recommend merchandise or services that will meet customers' needs.,42.11,42.11,57.89,0.01,2.62,1.62,26.99
2686,"Calculate and compile order-related statistics, and prepare reports for management.",58.82,58.82,41.18,0.0,2.91,3.62,42.38
2687,"Explain company personnel policies, benefits, and procedures to employees or job applicants.",26.81,26.81,73.19,0.0,2.29,1.54,30.89
2691,"Answer questions regarding examinations, eligibility, salaries, benefits, and other pertinent information.",36.54,36.54,63.46,0.01,2.28,1.46,20.48
2692,Examine employee files to answer inquiries and provide information for personnel actions.,62.5,62.5,37.5,0.0,2.5,2.45,14.88
2695,Interview job applicants to obtain and verify information used to screen and evaluate them.,75.0,75.0,25.0,0.0,2.94,2.17,20.81
2697,Compile and prepare reports and documents pertaining to personnel activities.,62.22,61.76,37.5,0.0,2.87,4.75,21.34
2726,"Confer with customers or supervising personnel to address questions, problems, or requests for service or equipment.",92.67,92.67,7.33,0.01,2.41,0.66,21.06
273,"Counsel clients in individual or group sessions to assist them in dealing with substance abuse, mental or physical illness, poverty, unemployment, or physical abuse.",47.18,47.18,52.82,0.01,3.03,5.88,160.19
2731,"Record and maintain files or records of customer requests, work or services performed, charges, expenses, inventory, or other dispatch information.",70.59,70.59,29.41,0.0,2.88,3.78,37.18
276,"Monitor, evaluate, and record client progress with respect to treatment goals.",83.33,83.33,16.67,0.0,2.6,6.26,92.92
2770,Manage and maintain executives' schedules.,77.63,83.89,24.17,0.01,2.96,2.12,24.78
2771,"Prepare invoices, reports, memos, letters, financial statements, and other documents, using word processing, spreadsheet, database, or presentation software.",48.05,48.05,51.95,0.15,3.27,10.1,38.3
2772,"Read and analyze incoming memos, submissions, and reports to determine their significance and plan their distribution.",81.85,79.03,17.53,0.01,2.37,0.93,9.4
2773,"Open, sort, and distribute incoming correspondence, including faxes and email.",100.0,100.0,0.0,0.0,3.06,0.73,1.69
2774,"File and retrieve corporate documents, records, and reports.",96.87,96.88,3.13,0.0,3.15,1.86,12.67
2776,Prepare responses to correspondence containing routine inquiries.,64.66,65.74,35.93,0.05,2.53,1.07,17.14
2780,"Conduct research, compile data, and prepare papers for consideration and presentation by executives, committees, and boards of directors.",52.69,52.69,47.31,0.05,3.2,15.14,42.97
2781,"Compile, transcribe, and distribute minutes of meetings.",79.23,79.23,20.77,0.03,2.59,2.27,13.24
2788,Interpret administrative and operating policies and procedures for employees.,35.53,35.53,64.47,0.0,2.37,1.89,26.3
279,Modify treatment plans according to changes in client status.,36.84,36.84,63.16,0.0,2.89,4.66,49.0
2794,"Open, read, route, and distribute incoming mail or other materials and answer routine letters.",100.0,100.0,0.0,0.0,3.0,0.46,5.76
2795,Complete forms in accordance with company procedures.,63.41,63.41,36.59,0.0,3.02,5.02,51.95
2797,"Review work done by others to check for correct spelling and grammar, ensure that company format policies are followed, and recommend revisions.",20.92,20.92,79.08,0.04,2.45,3.57,36.79
2800,Maintain scheduling and event calendars.,87.11,87.11,12.89,0.02,2.89,1.32,15.26
2801,"Schedule and confirm appointments for clients, customers, or supervisors.",73.97,73.97,26.03,0.02,2.68,1.45,21.46
2805,"Conduct searches to find needed information, using such sources as the Internet.",72.1,73.14,28.3,0.1,2.87,3.98,22.79
2815,Check preliminary and final proofs for errors and make necessary corrections.,40.58,40.58,59.42,0.0,2.82,9.03,51.13
2816,"Operate desktop publishing software and equipment to design, lay out, and produce camera-ready copy.",42.06,42.06,57.94,0.01,3.2,6.73,23.79
2817,"View monitors for visual representation of work in progress and for instructions and feedback throughout process, making modifications as necessary.",100.0,100.0,0.0,0.0,2.94,0.5,7.88
2818,"Enter text into computer keyboard and select the size and style of type, column width, and appropriate spacing for printed materials.",51.26,51.26,48.74,0.01,2.92,3.82,16.17
2820,"Position text and art elements from a variety of databases in a visually appealing way to design print or web pages, using knowledge of type styles and size and layout patterns.",43.81,43.81,56.19,0.11,3.21,5.21,18.89
2822,"Edit graphics and photos, using pixel or bitmap editing, airbrushing, masking, or image retouching.",57.45,57.45,42.55,0.14,2.93,1.64,11.26
2823,"Import text and art elements, such as electronic clip art or electronic files from photographs that have been scanned or produced with a digital camera, using computer software.",55.0,51.72,42.31,0.0,3.38,2.3,11.85
2824,"Prepare sample layouts for approval, using computer software.",36.96,38.95,66.42,0.07,3.2,5.46,23.87
2827,"Convert various types of files for printing or for the Internet, using computer software.",65.65,65.65,34.35,0.19,2.97,3.26,13.18
2832,"Create special effects such as vignettes, mosaics, and image combining, and add elements such as sound and animation to electronic publications.",50.07,52.35,52.21,0.01,3.31,4.04,17.61
284,"Formulate basic layout design or presentation approach and specify material details, such as style and size of type, photographs, graphics, animation, video, and sound.",45.64,45.64,54.36,0.02,3.02,5.42,35.27
2845,Draw building diagrams and record dimensions.,45.05,45.05,54.95,0.0,3.34,5.63,22.72
2854,"Prepare cost and labor estimates, based on calculations of time and materials needed for project.",62.5,62.5,37.5,0.0,3.25,8.52,25.71
2885,"Perform business management duties, such as maintaining records or files, preparing reports, or ordering supplies or equipment.",73.68,73.68,26.32,0.0,3.05,2.92,37.34
289,"Confer with clients to determine objectives, budget, background information, and presentation approaches, styles, and techniques.",56.7,56.7,43.3,0.03,2.57,2.37,16.21
2919,"Compute estimates and actual costs of factors such as materials, labor, or outside contractors.",40.19,40.19,59.81,0.01,3.01,6.47,23.29
292,Review illustrative material to determine if it conforms to standards and specifications.,54.35,54.35,45.65,0.0,2.82,1.51,17.44
2923,"Confer with personnel, such as management, engineering, quality control, customer, or union workers' representatives, to coordinate work activities, resolve employee grievances, or identify and review resource needs.",68.18,68.18,31.82,0.0,2.33,2.75,32.07
2926,"Compile operational or personnel records, such as time and production records, inventory data, repair or maintenance statistics, or test results.",79.22,79.22,20.78,0.0,3.17,6.06,40.33
2932,Design equipment configurations to meet personnel needs.,33.33,33.33,66.67,0.0,2.78,3.93,36.44
294,Create custom illustrations or other graphic elements.,66.67,66.67,33.33,0.0,3.48,3.63,10.0
295,"Mark up, paste, and complete layouts and write typography instructions to prepare materials for typesetting or printing.",38.67,38.67,61.33,0.01,3.04,5.21,24.76
297,"Conceptualize and help design interfaces for multimedia games, products, and devices.",33.78,32.06,62.84,0.01,3.14,9.04,61.16
298,Prepare detailed storyboards showing sequence and timing of story development for television production.,52.54,52.54,47.46,0.01,2.9,5.5,38.47
299,"Create designs, concepts, and sample layouts, based on knowledge of layout principles and esthetic design concepts.",57.43,57.88,42.9,0.03,3.18,4.06,18.48
300,"Determine size and arrangement of illustrative material and copy, and select style and size of type.",51.06,51.06,48.94,0.01,3.03,4.97,24.76
3003,"Diagnose faults or malfunctions to determine required repairs, using engine diagnostic equipment such as computerized test equipment and calibration devices.",81.71,81.71,18.29,0.0,2.34,1.65,68.96
3008,"Read and understand operating manuals, blueprints, and technical drawings.",67.47,67.47,32.53,0.0,2.55,3.3,22.81
301,Use computer software to generate new images.,62.88,62.88,37.12,0.01,3.34,5.73,17.47
3023,"Diagnose mechanical problems and determine how to correct them, checking blueprints, repair manuals, or parts catalogs, as necessary.",75.42,75.42,24.58,0.01,2.35,1.24,49.18
303,"Draw and print charts, graphs, illustrations, and other artwork, using computer.",61.11,57.14,36.36,0.0,3.11,4.84,11.71
304,"Review final layouts and suggest improvements, as needed.",22.14,22.12,77.78,0.0,2.87,3.4,36.14
305,Confer with clients to discuss and determine layout design.,38.51,38.51,61.49,0.0,2.52,4.88,30.65
306,"Develop graphics and layouts for product illustrations, company logos, and Web sites.",44.9,44.9,55.1,0.0,3.22,5.95,38.08
3069,"Plan and carry out work assignments, using blueprints, schematic drawings, technical manuals, wiring diagrams, or liquid or air flow sheets, following prescribed regulations, directives, or other instructions as required.",100.0,100.0,0.0,0.0,2.4,0.26,3.45
3078,"Make computations relating to load requirements of wiring or equipment, using algebraic expressions and standard formulas.",58.58,55.56,39.29,0.0,2.43,1.29,12.75
309,"Study illustrations and photographs to plan presentation of materials, products, or services.",56.05,54.35,42.62,0.0,2.71,2.1,20.76
3109,Advise clients about the materials being used for finished products.,27.51,27.51,72.49,0.03,2.63,5.13,58.14
3120,Prepare working sketches for the illustration of product appearance.,37.9,37.9,62.1,0.0,3.16,5.52,28.06
314,"Assess nutritional needs, diet restrictions, and current health plans to develop and implement dietary-care plans and provide nutritional counseling.",55.56,55.56,44.44,0.02,2.51,5.84,106.39
316,"Advise patients and their families on nutritional principles, dietary plans, diet modifications, and food selection and preparation.",48.91,48.91,51.09,0.08,2.55,4.78,76.85
317,"Counsel individuals and groups on basic rules of good nutrition, healthy eating habits, and nutrition monitoring to improve their quality of life.",47.98,48.08,52.13,0.11,2.52,4.0,67.49
3212,"Measure, weigh, and count products and materials.",69.77,69.77,30.23,0.0,2.38,0.29,5.11
3222,"Obtain, move, and sort products, materials, containers, and orders, using hand tools.",91.67,91.67,8.33,0.0,3.12,0.99,5.12
3224,"Plan and prepare advertising and promotional material to increase sales of products or services, working with customers, company officials, sales departments, and advertising agencies.",28.07,28.07,71.93,0.18,2.79,7.11,55.6
3233,Monitor and analyze sales promotion results to determine cost effectiveness of promotion campaigns.,63.84,63.84,36.16,0.03,2.75,5.39,59.77
3238,Plan and execute advertising policies and strategies for organizations.,54.48,54.48,45.52,0.0,3.04,9.69,53.71
3266,"Advise management on such matters as equal employment opportunity, sexual harassment, and discrimination.",40.38,40.38,59.62,0.0,2.63,5.12,82.1
3274,"Formulate policies, procedures and programs for recruitment, testing, placement, classification, orientation, benefits and compensation, and labor and industrial relations.",45.71,45.71,54.29,0.0,3.28,14.92,61.65
3277,"Maintain records and compile statistical reports concerning personnel-related data, such as hires, transfers, performance appraisals, and absenteeism rates.",49.28,43.08,44.33,0.0,3.0,5.82,21.49
3279,"Develop methods to improve employment policies, processes, and practices, and recommend changes to management.",34.36,34.36,65.64,0.01,2.87,8.01,43.52
3288,Prepare personnel forecasts to project employment needs.,17.65,17.65,82.35,0.0,2.76,7.66,39.76
3327,Develop or implement quality control programs.,53.16,48.65,42.86,0.0,3.19,13.09,51.35
3334,"Obtain information needed to complete legal documents, such as death certificates or burial permits.",67.53,67.53,32.47,0.0,2.54,1.69,16.18
334,Plan and prepare grant proposals to request program funding.,24.0,24.0,76.0,0.0,2.88,12.28,84.35
3346,Inform survivors of benefits for which they may be eligible.,38.1,38.1,61.9,0.0,2.65,4.09,71.61
3353,"Advise managers and employees on state and federal employment regulations, collective agreements, benefit and compensation policies, personnel procedures, and classification programs.",34.31,34.31,65.69,0.01,2.57,3.42,35.87
3355,Provide advice on the resolution of classification and salary complaints.,38.78,38.78,61.22,0.0,2.51,4.38,62.08
3364,"Analyze organizational, occupational, and industrial data to facilitate organizational functions and provide technical information to business, industry, and government.",45.98,45.98,54.02,0.0,2.6,2.79,17.9
3365,Advise staff of individuals' qualifications.,42.31,42.31,57.69,0.0,2.64,4.11,38.25
3372,"Prepare research results for publication in form of journals, books, manuals, and film.",52.04,52.04,47.96,0.01,3.16,17.45,44.55
338,Analyze test results and develop a treatment plan.,67.12,62.12,30.43,0.0,2.7,4.14,37.28
3398,"Provide advice and technical assistance with cost analysis, fiscal allocation, and budget preparation.",26.9,26.9,73.1,0.02,2.74,8.9,63.14
34,"Review processing schedules or production orders to make decisions concerning inventory requirements, staffing requirements, work procedures, or duty assignments, considering budgetary limitations and time constraints.",54.25,52.69,44.44,0.0,2.81,4.42,29.18
3400,Seek new ways to improve efficiency and increase profits.,58.97,58.97,41.03,0.01,3.14,3.46,16.16
3403,"Perform cost-benefit analyses to compare operating programs, review financial requests, or explore alternative financing methods.",28.35,28.35,71.65,0.01,2.91,13.95,69.56
3405,Compile and analyze accounting records and other data to determine the financial resources required to implement a program.,56.86,56.86,43.14,0.0,2.73,2.35,25.79
3410,"Explain to customers the different types of loans and credit options that are available, as well as the terms of those services.",21.43,21.43,78.57,0.0,2.52,1.86,17.62
3412,Review and update credit and loan files.,93.75,93.75,6.25,0.0,3.13,2.98,6.81
3414,Compute payment schedules.,65.45,65.45,34.55,0.0,2.55,0.92,6.54
3417,Handle customer complaints and take appropriate action to resolve them.,47.12,47.12,52.88,0.0,2.46,2.37,39.8
3418,Work with clients to identify their financial goals and to find ways of reaching those goals.,36.24,36.71,64.6,0.02,2.93,8.85,56.7
3464,"Provide staff and users with assistance solving computer-related problems, such as malfunctions and program problems.",86.95,86.95,13.05,0.71,2.38,1.85,54.34
3465,"Test, maintain, and monitor computer programs and systems, including coordinating the installation of computer programs and systems.",97.67,97.67,2.33,0.0,3.05,4.93,19.93
3466,"Use object-oriented programming languages, as well as client and server applications development processes and multimedia and Internet technology.",66.73,65.68,32.75,0.04,3.2,15.11,51.29
3467,Confer with clients regarding the nature of the information processing or computation needs a computer program is to address.,51.11,51.11,48.89,0.0,2.72,10.77,96.79
3468,Coordinate and link the computer systems within an organization to increase compatibility so that information can be shared.,95.24,95.24,4.76,0.0,2.48,1.89,25.27
3470,Expand or modify system to serve new purposes or improve work flow.,68.6,68.9,31.53,0.05,3.02,8.33,44.56
3473,Train staff and users to work with computer systems and programs.,61.9,61.9,38.1,0.0,2.66,6.55,163.08
3474,"Analyze information processing or computation needs and plan and design computer systems, using techniques such as structured analysis, data modeling, and information engineering.",38.8,38.8,61.2,0.06,2.97,11.07,63.83
3475,Assess the usefulness of pre-developed application packages and adapt them to a user environment.,56.48,56.48,43.52,0.01,3.17,5.08,26.56
3476,Define the goals of the system and devise flow charts and diagrams describing logical operational steps of programs.,45.05,44.09,53.78,0.03,3.03,6.6,29.9
3477,"Develop, document, and revise system design procedures, test procedures, and quality standards.",54.84,54.84,45.16,0.03,3.02,11.03,62.19
3478,"Review and analyze computer printouts and performance indicators to locate code problems, and correct errors by correcting codes.",86.14,86.14,13.86,0.0,2.93,9.09,89.34
3479,Recommend new equipment or software packages.,36.29,39.13,68.7,0.0,2.66,2.08,23.61
348,Evaluate patients' progress and prepare reports that detail progress.,71.8,63.64,25.0,0.0,2.96,5.07,79.04
3480,"Read manuals, periodicals, and technical reports to learn how to develop programs that meet staff and user requirements.",60.4,60.4,39.6,0.03,2.56,3.0,14.65
3482,"Use the computer in the analysis and solution of business problems, such as development of integrated production and inventory control and cost analysis systems.",51.28,51.28,48.72,0.03,3.03,8.78,62.64
35,Review operations and confer with technical or administrative staff to resolve production or processing problems.,84.21,84.21,15.79,0.0,3.1,3.57,23.9
3501,"Analyze statistical information to estimate mortality, accident, sickness, disability, and retirement rates.",37.35,38.89,65.22,0.0,2.72,3.58,25.4
3506,"Provide advice to clients on a contract basis, working as a consultant.",34.24,34.24,65.76,0.07,2.59,4.54,53.83
3513,Explain changes in contract provisions to customers.,28.99,28.99,71.01,0.0,2.35,4.54,63.36
3516,"Revise existing maps and charts, making all necessary corrections and adjustments.",40.0,40.0,60.0,0.0,3.0,5.59,20.44
3519,"Determine map content and layout, as well as production specifications such as scale, size, projection, and colors, and direct production to ensure that specifications are followed.",68.57,68.57,31.43,0.0,3.23,5.07,13.14
352,"Recommend changes in patients' work or living environments, consistent with their needs and capabilities.",50.0,50.0,50.0,0.0,2.63,2.48,37.96
3520,"Examine and analyze data from ground surveys, reports, aerial photographs, and satellite images to prepare topographic maps, aerial-photograph mosaics, and related charts.",76.19,76.19,23.81,0.0,2.67,1.76,21.6
3523,Build and update digital databases.,99.16,99.16,0.84,0.01,2.79,1.19,7.33
3525,Determine guidelines that specify which source material is acceptable for use.,30.43,30.43,69.57,0.0,2.67,3.98,35.09
3529,"Verify the accuracy of survey data, including measurements and calculations conducted at survey sites.",53.03,53.03,46.97,0.0,2.08,0.95,8.48
3544,Develop criteria for survey methods and procedures.,48.48,48.48,51.52,0.0,2.91,7.14,38.58
3545,Develop criteria for the design and modification of survey instruments.,6.33,5.26,77.78,0.0,2.68,6.64,77.22
3552,Develop safety procedures to be employed by workers operating equipment or working in close proximity to ongoing chemical reactions.,46.67,46.67,53.33,0.0,3.47,7.13,42.8
3572,"Design, develop, and implement computer applications for use in mining operations such as mine design, modeling, or mapping or for monitoring mine conditions.",50.47,50.47,49.53,0.0,3.23,13.38,44.03
3588,Write technical reports for engineering and management personnel.,63.75,63.75,36.25,0.0,3.09,8.45,44.55
3591,Interpret drilling and testing information for personnel.,19.1,19.1,80.9,0.0,2.56,2.05,17.4
362,Provide patients with assistance in locating or holding jobs.,,,,0.0,2.53,3.5,117.6
3641,Maintain project logbook records or computer program files.,97.94,97.94,2.06,0.01,3.04,1.02,3.79
3644,Review technical documents to ensure completeness and conformance to requirements.,35.17,35.17,64.83,0.19,2.78,6.85,41.71
3646,Review work plans to schedule activities.,75.27,71.63,23.53,0.01,2.62,1.3,28.42
3650,"Provide technical engineering support in the planning of projects, such as wastewater treatment plants, to ensure compliance with environmental regulations and policies.",18.19,15.56,70.0,0.0,2.65,5.14,31.62
3654,"Produce environmental assessment reports, tabulating data and preparing charts, graphs, or sketches.",56.45,50.0,38.57,0.0,3.38,11.41,32.04
3658,"Develop work plans, including writing specifications or establishing material, manpower, or facilities needs.",65.69,65.69,34.31,0.02,2.84,2.29,21.02
3663,"Aid in planning work assignments in accordance with worker performance, machine capacity, production schedules, or anticipated delays.",68.19,68.19,31.81,0.01,2.68,2.07,31.08
3681,"Prepare technical reports and recommendations, based upon research outcomes.",52.54,52.54,47.46,0.0,3.32,19.12,52.38
3682,"Study the structure and function of human, animal, and plant tissues, cells, pathogens, and toxins.",27.78,27.78,72.22,0.0,2.72,2.19,7.39
3684,"Conduct chemical analyses of substances such as acids, alcohols, and enzymes.",20.0,20.0,80.0,0.0,2.4,0.58,5.87
3694,Prepare brochures and write newspaper articles.,49.37,48.37,49.61,0.01,2.65,4.33,33.39
3695,"Construct historical, scientific, and nature visitor-center displays.",49.02,49.02,50.98,0.0,3.53,5.68,13.51
3701,Plan and develop audio-visual devices for public programs.,68.42,68.42,31.58,0.0,3.24,6.58,28.64
3702,"Analyze and interpret geological, geochemical, or geophysical information from sources, such as survey data, well logs, bore holes, or aerial photos.",44.83,43.18,53.13,0.0,2.83,5.5,39.16
3716,Develop applied software for the analysis and interpretation of geological data.,80.95,80.95,19.05,0.0,3.0,9.46,80.0
3717,"Organize data, and analyze and interpret its authenticity and relative significance.",36.69,36.69,63.31,0.0,2.78,7.45,64.66
3719,"Trace historical development in a particular field, such as social, cultural, political, or diplomatic history.",20.8,20.8,79.2,0.03,2.89,3.99,22.84
3722,"Conduct historical research, and publish or present findings and theories.",24.39,24.39,75.61,0.0,2.94,9.77,51.39
3725,"Research the history of a particular country or region, or of a specific time period.",25.28,25.28,74.72,0.02,2.77,5.28,30.11
3731,Translate or request translation of reference materials.,55.83,55.34,43.78,0.04,2.34,2.42,15.29
3734,"Recommend actions related to historical art, such as which items to add to a collection or which items to display in an exhibit.",33.33,33.33,66.67,0.0,2.74,7.23,70.03
3737,Keep detailed logs of all work-related activities.,94.34,94.86,5.69,0.01,3.59,3.3,18.73
3740,"Use computers, computer-interfaced equipment, robotics or high-technology industrial applications to perform work duties.",95.32,95.32,4.68,0.01,3.25,1.42,14.03
3745,"Participate in the research, development, or manufacturing of medicinal and pharmaceutical preparations.",18.75,18.75,81.25,0.0,2.69,5.42,29.33
3747,Analyze experimental data and interpret results to write reports and summaries of findings.,43.57,43.94,56.92,0.05,2.73,6.15,54.15
375,"Provide information to the patient about the proposed intervention, its material risks and expected benefits, and any reasonable alternatives.",29.41,29.41,70.59,0.0,2.39,2.51,76.94
3754,Keep records or prepare reports for owner or management concerning visits with clients.,55.17,55.17,44.83,0.0,2.55,3.59,28.93
3762,"Explain rules established by owner or management, such as sanitation or maintenance requirements or parking regulations.",42.42,40.0,54.29,0.0,2.23,0.74,13.67
3763,Observe and discuss meal preparation and suggest alternate methods of food preparation.,45.71,45.71,54.29,0.01,2.43,2.71,62.08
3767,Observe clients' food selections and recommend alternate economical and nutritional food choices.,63.17,63.17,36.83,0.02,2.41,5.59,115.27
3773,"Advise clients concerning business transactions, claim liability, advisability of prosecuting or defending lawsuits, or legal rights and obligations.",35.21,35.21,64.79,0.24,2.65,5.88,64.61
3774,"Interpret laws, rulings and regulations for individuals and businesses.",24.82,24.66,74.7,0.24,2.5,4.24,45.6
3775,"Analyze the probable outcomes of cases, using knowledge of legal precedents.",36.16,36.16,63.84,0.01,2.59,8.59,65.96
3777,Evaluate findings and develop strategies and arguments in preparation for presentation of cases.,35.95,35.95,64.05,0.02,2.79,9.46,59.77
3780,Examine legal data to determine advisability of defending or prosecuting lawsuit.,52.54,52.54,47.46,0.0,2.79,8.39,52.57
3783,"Study Constitution, statutes, decisions, regulations, and ordinances of quasi-judicial bodies to determine ramifications for cases.",32.49,32.49,67.51,0.01,2.58,9.52,56.52
3808,Determine whether objects need repair and choose the safest and most effective method of repair.,70.83,70.83,29.17,0.0,2.29,0.43,33.33
382,Refer clients to community resources or services.,58.72,58.72,41.28,0.0,2.88,1.65,64.03
3825,Estimate cost of restoration work.,55.95,55.95,44.05,0.0,2.64,2.4,25.11
388,"Develop treatment plan to meet needs of patient, based on needs assessment, patient interests, and objectives of therapy.",33.33,33.33,66.67,0.0,3.13,4.78,23.87
389,"Encourage clients with special needs and circumstances to acquire new skills and get involved in health-promoting leisure activities, such as sports, games, arts and crafts, and gardening.",74.55,74.55,25.45,0.0,2.62,1.72,38.1
390,Counsel and encourage patients to develop leisure activities.,56.52,56.52,43.48,0.0,2.87,2.49,41.39
3916,Verify scoring calculations before competition winners are announced.,41.39,41.79,59.18,0.0,2.54,1.9,17.9
3924,"Prepare and deliver news, sports, or weather reports, gathering and rewriting material so that it will convey required information and fit specific time slots.",62.5,62.5,37.5,0.0,2.88,6.55,64.0
3927,"Select program content, in conjunction with producers and assistants, based on factors such as program specialties, audience tastes, or requests from the public.",53.33,53.33,46.67,0.0,2.47,2.9,18.59
3966,"Organize material and complete writing assignment according to set standards regarding order, clarity, conciseness, style, and terminology.",44.81,44.81,55.19,0.54,2.69,5.49,37.37
3967,Maintain records and files of work and revisions.,74.7,72.72,24.63,0.03,2.83,3.39,31.38
3968,"Edit, standardize, or make changes to material prepared by other writers or establishment personnel.",34.35,34.35,65.65,1.01,2.58,3.67,35.38
3970,"Review published materials and recommend revisions or changes in scope, format, content, and methods of reproduction and binding.",29.64,29.64,70.36,0.01,2.85,5.66,41.84
3971,"Select photographs, drawings, sketches, diagrams, and charts to illustrate material.",40.07,40.07,59.93,0.01,2.89,7.25,63.5
3972,"Study drawings, specifications, mockups, and product samples to integrate and delineate technology, operating procedure, and production sequence and detail.",61.11,61.11,38.89,0.0,2.84,3.79,20.49
3976,Assist in laying out material for publication.,53.71,54.49,46.97,0.01,3.02,4.48,23.99
3977,Analyze developments in specific field to determine need for revisions in previously published materials and development of new material.,100.0,100.0,0.0,0.0,2.58,0.89,1.26
3979,Draw sketches to illustrate specified materials or assembly sequence.,59.26,59.26,40.74,0.0,3.36,6.29,14.0
399,"Determine requirements for treatment, such as type, method and duration of therapy, precautions to be taken, or medication and dosages, compatible with physicians' orders.",70.83,70.83,29.17,0.0,2.54,1.19,15.0
3990,"Compress, digitize, duplicate, and store audio and video data.",82.69,82.69,17.31,0.0,2.96,1.57,10.09
3992,Edit videotapes by erasing and removing portions of programs and adding video or sound as required.,74.16,74.16,25.84,0.0,2.93,1.18,8.6
3994,"Plan and develop pre-production ideas into outlines, scripts, story boards, and graphics, using own ideas or specifications of assignments.",38.21,38.21,61.79,0.06,2.81,7.56,43.79
3996,"Determine formats, approaches, content, levels, and mediums to effectively meet objectives within budgetary constraints, using research, knowledge, and training.",45.15,46.68,56.71,0.04,2.84,6.84,54.54
3997,"Record and edit audio material, such as movie soundtracks, using audio recording and editing equipment.",66.67,66.67,33.33,0.0,2.91,1.96,20.59
40,"Develop or implement production tracking or quality control systems, analyzing production, quality control, maintenance, or other operational reports to detect production problems.",52.63,52.63,47.37,0.0,2.91,8.82,42.68
4005,"Develop manuals, texts, workbooks, or related materials for use in conjunction with production materials or for training.",55.83,55.83,44.17,0.21,3.05,8.36,29.86
4022,"Edit broadcast material electronically, using computers.",69.81,69.81,30.19,0.0,3.15,1.38,9.11
4028,Discuss production requirements with clients.,46.21,46.21,53.79,0.0,2.58,3.63,32.53
4051,Study scripts to become familiar with production concepts and requirements.,75.0,75.0,25.0,0.0,2.5,3.38,19.06
4052,"Edit films and videotapes to insert music, dialogue, and sound effects, to arrange films into sequences, and to correct errors, using editing equipment.",59.57,59.57,40.43,0.0,3.35,3.08,20.37
4053,Select and combine the most effective shots of each scene to form a logical and smoothly running story.,39.49,39.49,60.51,0.01,2.74,5.83,79.94
4055,Determine the specific audio and visual effects and music necessary to complete films.,38.43,40.17,64.37,0.02,2.72,6.63,59.98
4056,Verify key numbers and time codes on materials.,42.86,42.86,57.14,0.0,2.46,2.56,10.21
4057,Organize and string together raw footage into a continuous whole according to scripts or the instructions of directors and producers.,65.38,65.38,34.62,0.0,3.31,5.38,29.65
4059,Program computerized graphic effects.,55.38,55.38,44.62,0.01,3.53,8.64,15.64
4061,"Set up and operate computer editing systems, electronic titling systems, video switching equipment, and digital video effects units to produce a final product.",64.44,64.44,35.56,0.0,3.4,2.38,10.47
4066,Trim film segments to specified lengths and reassemble segments in sequences that present stories with maximum effect.,58.18,58.18,41.82,0.0,3.02,2.71,32.96
4074,Interpret diagnostic test results for deviations from normal.,50.87,50.87,49.13,0.02,2.62,1.83,36.53
4075,Make tentative diagnoses and decisions about management and treatment of patients.,70.78,70.78,29.22,0.01,2.76,1.06,25.06
4080,"Instruct and counsel patients about prescribed therapeutic regimens, normal growth and development, family planning, emotional problems of daily living, and health maintenance.",39.42,39.42,60.58,0.01,2.5,3.97,108.99
4095,"Educate, prepare, and reassure patients and their families by answering questions, providing physical assistance, and reinforcing physicians' advice regarding treatment reactions or post-treatment care.",13.26,9.52,62.26,0.0,2.31,3.27,124.77
4096,Calculate actual treatment dosages delivered during each session.,82.17,82.17,17.83,0.0,1.93,0.43,4.99
41,Review plans and confer with research or support staff to develop new products or processes.,39.39,39.39,60.61,0.0,2.76,11.36,95.71
4121,"Specialize in a particular type of treatment, such as dentistry, pathology, nutrition, surgery, microbiology, or internal medicine.",60.0,60.0,40.0,0.0,2.33,2.55,18.33
4148,"Calculate, measure, and record radiation dosage or radiopharmaceuticals received, used, and disposed, using computer and following physician's prescription.",87.5,87.5,12.5,0.0,1.58,0.26,1.53
4155,Record and process results of procedures.,100.0,100.0,0.0,0.0,2.79,0.32,1.16
4158,Gather information on patients' illnesses and medical history to guide the choice of diagnostic procedures for therapy.,60.0,60.0,40.0,0.0,2.88,1.16,11.5
4171,"Develop job specifications, job descriptions, or work schedules.",29.47,29.47,70.53,0.01,2.86,6.85,44.62
4195,"Provide information or counseling regarding issues such as animal health care, behavior problems, or nutrition.",53.63,53.63,46.37,0.02,2.48,1.15,42.38
4223,Evaluate athletes' readiness to play and provide participation clearances when necessary and warranted.,88.42,91.67,12.0,0.0,2.56,3.07,48.12
4227,Advise athletes on the proper use of equipment.,34.98,34.98,65.02,0.01,2.63,1.82,29.46
4229,Develop training programs or routines designed to improve athletic performance.,41.45,41.87,59.14,0.05,2.96,4.94,49.5
4231,"Instruct coaches, athletes, parents, medical personnel, or community members in the care and prevention of athletic injuries.",42.42,38.2,51.85,0.0,2.7,2.81,47.5
4234,"Recommend special diets to improve athletes' health, increase their stamina, or alter their weight.",46.92,45.65,51.64,0.02,2.72,5.86,78.65
4254,"Observe and record patients' progress, attitudes, and behavior and maintain this information in client records.",94.12,94.12,5.88,0.0,2.29,3.24,71.35
4255,Maintain and promote a positive attitude toward clients and their treatment programs.,75.86,75.86,24.14,0.0,2.54,2.57,56.0
4316,Examine animals to detect behavioral changes or clinical symptoms that could indicate illness or injury.,69.39,69.39,30.61,0.0,2.51,0.61,14.0
439,"Obtain and record accurate patient history, including prior test results or information from physical examinations.",68.42,68.42,31.58,0.0,2.95,3.72,48.95
4457,Answer questions about game rules and casino policies.,45.45,45.45,54.55,0.0,2.38,1.46,35.18
4466,"Answer customer inquiries or explain cost, availability, policies, and procedures of facilities.",64.62,64.62,35.38,0.56,2.47,0.53,7.75
4470,"Report and document safety hazards, potentially hazardous conditions, and unsafe practices and procedures.",50.0,50.0,50.0,0.0,2.83,5.99,53.0
4529,"Provide information about local features, such as shopping, dining, nightlife, or recreational destinations.",78.87,78.87,21.13,0.0,2.81,0.96,9.54
4540,"Describe tour points of interest to group members, and respond to questions.",41.51,42.93,60.5,0.01,2.72,2.26,31.24
4544,Provide directions and other pertinent information to visitors.,79.41,79.41,20.59,0.0,2.49,0.86,11.86
4552,Speak foreign languages to communicate with foreign visitors.,44.43,48.39,60.53,0.0,2.37,0.39,4.6
4555,"Perform clerical duties, such as filing, typing, operating switchboards, or routing mail and messages.",95.81,97.49,4.26,0.01,2.8,0.66,4.42
4557,Offer alternatives during classes to accommodate different levels of fitness.,50.0,50.0,50.0,0.0,2.77,2.58,55.32
4558,"Plan routines, choose appropriate music, and choose different movements for each set of muscles, depending on participants' capabilities and limitations.",33.33,33.33,66.67,0.0,3.06,7.79,59.39
4559,Observe participants and inform them of corrective measures necessary for skill improvement.,40.6,40.6,59.4,0.01,2.68,3.12,56.63
4560,Teach proper breathing techniques used during physical exertion.,34.15,34.15,65.85,0.0,2.73,1.17,15.66
4561,Instruct participants in maintaining exertion levels to maximize benefits from exercise routines.,35.29,35.29,64.71,0.0,2.72,2.33,45.84
4565,Monitor participants' progress and adapt programs as needed.,53.17,53.17,46.83,0.0,2.71,4.59,88.81
4566,"Evaluate individuals' abilities, needs, and physical conditions, and develop suitable training programs to meet any special requirements.",33.33,33.33,66.67,0.0,3.12,9.12,52.96
4567,Plan physical education programs to promote development of participants' physical attributes and social skills.,27.08,27.08,72.92,0.0,3.1,9.55,52.66
4570,Advise clients about proper clothing and shoes.,41.25,41.25,58.75,0.04,2.56,1.67,34.01
4572,"Teach individual and team sports to participants through instruction and demonstration, using knowledge of sports techniques and of participants' physical capabilities.",35.87,35.87,64.13,0.0,2.76,1.4,22.06
4579,Prepare and deliver sales presentations to new and existing customers to sell new advertising programs and to protect and increase existing advertising.,56.45,56.45,43.55,0.0,2.82,2.9,33.27
4580,Explain to customers how specific types of advertising will help promote their products or services in the most effective way possible.,29.45,32.26,77.27,0.0,2.52,2.38,24.26
4587,"Recommend appropriate sizes and formats for advertising, depending on medium used.",34.38,30.56,58.33,0.0,2.67,5.8,48.89
4588,"Inform customers of available options for advertisement artwork, and provide samples.",41.54,47.37,66.67,0.0,2.94,4.72,24.84
4589,"Obtain and study information about clients' products, needs, problems, advertising history, and business practices to offer effective sales presentations and appropriate product assistance.",62.24,57.8,35.06,0.0,2.77,5.15,30.02
4590,"Determine advertising medium to be used, and prepare sample advertisements within the selected medium for presentation to customers.",40.12,43.25,64.55,0.01,2.9,7.81,55.28
4591,"Consult with company officials, sales departments, and advertising agencies to develop promotional plans.",21.05,21.05,78.95,0.0,2.74,8.62,66.06
4592,"Prepare promotional plans, sales literature, media kits, and sales contracts, using computer.",44.44,44.44,55.56,0.01,3.09,10.11,47.27
4594,Write copy as part of layout.,27.33,27.33,72.67,0.09,2.69,5.99,61.34
4596,"Gather all relevant material for bid processes, and coordinate bidding and contract approval.",62.5,62.5,37.5,0.0,3.19,,59.13
4598,Write sales outlines for use by staff.,45.84,45.84,54.16,0.01,2.92,6.24,35.72
4608,"Appraise property values, assessing income potential when relevant.",60.8,71.43,46.05,0.0,2.85,3.02,22.36
4620,"Explain products or services and prices, and answer questions from customers.",24.96,24.96,75.04,0.23,2.49,1.14,12.71
4623,Adjust sales scripts to better target the needs and interests of specific individuals.,29.35,29.35,70.65,0.22,2.62,4.51,49.35
4626,Telephone or write letters to respond to correspondence from customers or to follow up initial sales contacts.,57.54,57.54,42.46,0.01,2.57,2.28,30.85
4627,"Maintain records of contacts, accounts, and orders.",79.24,87.5,22.92,0.0,3.0,2.79,36.41
4628,Schedule appointments for sales representatives to meet with prospective customers or for customers to attend sales presentations.,56.52,56.52,43.48,0.0,2.63,1.09,15.83
4634,Relay or route written or verbal messages.,94.42,94.08,5.56,0.0,2.46,1.63,7.04
4642,"Answer simple questions about clients' businesses, using reference files.",61.61,60.13,37.46,0.03,2.23,0.73,10.67
4667,"Verify accuracy of reports, such as authorization forms, transaction reconciliations, or exchange summary reports.",59.83,59.83,40.17,0.0,3.08,8.34,34.36
4677,Establish new computer accounts.,89.47,89.47,10.53,0.0,3.23,2.58,36.23
47,Establish objectives and evaluative or operational criteria for units managed.,32.99,32.99,67.01,0.0,3.02,6.93,43.34
4722,"Answer customers' questions and explain available services, such as deposit accounts, bonds, and securities.",26.88,25.0,68.0,0.0,2.48,1.39,13.0
4723,"Compile information about new accounts, enter account information into computers, and file related forms or other documents.",87.88,87.88,12.12,0.0,3.24,3.82,17.15
4726,"Inform customers of procedures for applying for services, such as ATM cards, direct deposit of checks, and certificates of deposit.",66.67,66.67,33.33,0.0,2.32,0.82,16.74
4741,"Confer or correspond with establishment representatives to rectify problems, such as damages, shortages, or nonconformance to specifications.",71.43,71.43,28.57,0.0,2.68,1.29,18.96
49,"Develop and maintain computerized record management systems to store and process data, such as personnel activities and information, and to produce reports.",56.61,56.61,43.39,0.03,3.14,15.19,72.66
4936,Formulate or modify recipes for specific kinds of food products.,36.03,34.29,60.87,0.0,2.61,0.91,28.13
4952,"Measure or weigh ingredients, using scales or measuring containers.",42.86,42.86,57.14,0.0,2.21,0.76,15.63
5,Review operational records and reports to project sales and determine profitability.,52.02,52.02,47.98,0.05,2.92,7.6,38.71
50,Develop and implement organizational policies and procedures for the facility or medical unit.,47.37,42.86,47.62,0.0,3.24,10.74,35.1
5060,Measure ingredients required for specific food items.,75.0,75.0,25.0,0.0,2.25,0.38,8.79
5072,Feed and water animals according to schedules and feeding instructions.,,,,0.0,2.33,0.7,29.53
5074,Answer telephones and schedule appointments.,83.42,87.5,17.39,0.0,2.69,0.89,15.25
5076,"Respond to questions from patrons, and provide information about animals, such as behavior, habitat, breeding habits, or facility activities.",51.74,51.79,48.3,0.01,2.56,0.76,26.22
5084,Discuss with clients their pets' grooming needs.,54.55,54.55,45.45,0.0,2.51,0.83,6.41
509,Answer patients' calls and determine how to assist them.,45.45,45.45,54.55,0.0,2.45,1.0,8.39
5116,"Provide information about facilities, entertainment options, and rules and regulations.",47.33,54.55,60.71,0.0,2.36,0.91,12.59
5117,"Record details of attendance, sales, receipts, reservations, or repair activities.",70.0,70.0,30.0,0.0,3.1,3.6,24.68
5158,"Correct or record omissions, errors, or inconsistencies found.",32.33,32.33,67.67,0.1,2.6,4.02,30.38
5159,"Mark copy to indicate and correct errors in type, arrangement, grammar, punctuation, or spelling, using standard printers' marks.",34.88,34.88,65.12,0.0,2.7,4.6,53.26
5160,Read corrected copies or proofs to ensure that all corrections have been made.,34.34,38.1,72.86,0.0,2.45,7.8,42.84
5161,"Compare information or figures on one record against same data on other records, or with original copy, to detect errors.",57.17,58.5,43.82,0.01,3.03,5.27,26.77
5162,Consult reference books or secure aid of readers to check references with rules of grammar and composition.,20.69,20.69,79.31,0.0,2.6,7.86,55.83
5193,Confer with parents and staff to discuss educational activities and policies and students' behavioral or learning problems.,47.37,47.37,52.63,0.0,2.58,2.97,40.63
52,"Establish work schedules and assignments for staff, according to workload, space, and equipment availability.",29.41,29.41,70.59,0.0,2.82,5.93,40.82
5201,"Review and interpret government codes and develop procedures to meet codes and to ensure facility safety, security, and maintenance.",54.17,54.17,45.83,0.0,3.38,18.59,27.22
5205,Prepare and submit budget requests or grant proposals to solicit program funding.,27.59,27.59,72.41,0.0,3.0,12.59,50.4
5211,"Prepare, maintain, or oversee the preparation and maintenance of attendance, activity, planning, or personnel reports and records.",75.0,75.0,25.0,0.0,3.18,2.31,12.63
5212,"Confer with parents and staff to discuss educational activities, policies, and student behavior or learning problems.",40.91,40.91,59.09,0.0,2.87,3.85,32.52
5213,"Prepare and submit budget requests and recommendations, or grant proposals to solicit program funding.",10.38,8.33,71.93,0.0,2.96,13.77,66.51
5215,"Counsel and provide guidance to students regarding personal, academic, vocational, or behavioral issues.",32.66,32.66,67.34,0.26,2.7,4.48,70.13
5217,Teach classes or courses to students.,20.3,20.3,79.7,0.23,2.72,5.15,46.25
5219,"Plan and develop instructional methods and content for educational, vocational, or student activity programs.",24.24,24.24,75.76,0.0,2.76,6.05,35.67
5223,"Set educational standards and goals, and help establish policies and procedures to carry them out.",40.91,40.91,59.09,0.0,2.73,7.77,60.05
5228,"Review and interpret government codes, and develop programs to ensure adherence to codes and facility safety, security, and maintenance.",50.0,50.0,50.0,0.0,3.24,10.37,40.08
5230,"Write articles, manuals, and other publications, and assist in the distribution of promotional literature about facilities and programs.",31.14,32.2,71.21,0.0,2.84,7.86,56.47
5231,Recommend personnel actions related to programs and services.,30.65,30.65,69.35,0.0,2.54,4.73,63.35
5236,"Plan, administer, and control budgets, maintain financial records, and produce financial reports.",42.22,43.84,60.0,0.0,3.32,11.76,56.73
5239,"Provide assistance to faculty and staff in duties such as teaching classes, conducting orientation programs, issuing transcripts, and scheduling events.",75.51,75.51,24.49,0.0,2.73,1.3,10.79
5240,"Establish operational policies and procedures and make any necessary modifications, based on analysis of operations, demographics, and other research information.",37.21,37.21,62.79,0.0,3.01,16.07,77.5
5244,"Develop curricula, and recommend curricula revisions and additions.",22.09,22.09,77.91,0.0,2.73,10.3,59.52
5248,Teach courses within their department.,52.94,52.94,47.06,0.0,2.63,4.62,40.42
5262,Resolve customer complaints.,73.82,73.82,26.18,0.01,2.48,1.49,31.69
5264,Prepare employee work schedules.,26.67,26.67,73.33,0.0,2.67,3.45,22.8
5269,"Inform the public of available services, and of postal laws and regulations.",25.0,25.0,75.0,0.0,2.52,0.55,5.04
5291,"Confer with taxpayers or their representatives to discuss the issues, laws, and regulations involved in returns, and to resolve problems with returns.",57.47,57.47,42.53,0.0,2.26,1.92,48.67
5299,Examine accounting systems and records to determine whether accounting methods used were appropriate and in compliance with statutory provisions.,41.67,41.67,58.33,0.0,3.0,10.7,41.23
5314,"Develop plans to safeguard computer files against accidental or unauthorized modification, destruction, or disclosure and to meet emergency data processing needs.",67.57,67.57,32.43,0.0,3.0,8.49,57.11
5315,"Confer with users to discuss issues such as computer data access needs, security violations, and programming changes.",79.29,79.29,20.71,0.0,2.61,4.02,62.96
5317,"Modify computer security files to incorporate new software, correct errors, or change individual access status.",87.8,90.0,12.5,0.0,2.88,3.38,36.58
5321,Encrypt data transmissions and erect firewalls to conceal confidential information as it is being transmitted and to keep out tainted digital transfers.,86.67,86.67,13.33,0.0,2.87,4.8,
5336,"Prepare reports, sketches, working drawings, specifications, proposals, and budgets for proposed sites or systems.",41.91,41.91,58.09,0.01,3.33,14.4,47.03
5339,"Design electronic components, software, products, or systems for commercial, industrial, medical, military, or scientific applications.",43.85,43.85,56.15,0.01,2.8,6.63,71.91
5348,"Prepare documentation containing information such as confidential descriptions or specifications of proprietary hardware or software, product development or introduction schedules, product costs, or information about product performance weaknesses.",49.23,49.23,50.77,0.02,3.09,18.67,65.28
5351,"Plan or develop applications or modifications for electronic properties used in components, products, or systems to improve technical performance.",36.0,36.0,64.0,0.0,2.57,5.61,61.82
5354,"Prepare, review, or maintain maintenance schedules, design documentation, or operational reports or charts.",56.86,56.86,43.14,0.01,3.09,8.13,40.65
5355,"Prepare necessary criteria, procedures, reports, or plans for successful conduct of the project with consideration given to site preparation, facility validation, installation, quality assurance, or testing.",40.08,40.08,59.92,0.02,2.9,7.35,45.47
5414,Advise producers about improved products and techniques that could enhance their animal production efforts.,36.36,36.36,63.64,0.0,2.67,4.25,43.02
5422,"Investigate diseases or parasites to determine cause and risk factors, progress, life cycle, or mode of transmission.",20.0,20.0,80.0,0.0,2.73,1.58,10.0
5426,"Conduct research to develop methodologies, instrumentation, and procedures for medical application, analyzing data and presenting findings.",47.73,47.73,52.27,0.0,2.72,6.59,46.93
5427,"Consult with and advise physicians, educators, researchers, government health officials and others regarding medical applications of sciences, such as physics, biology, and chemistry.",19.55,19.55,80.45,0.0,2.5,3.1,24.41
5429,"Identify and analyze public health issues related to foodborne parasitic diseases and their impact on public policies, scientific studies, or surveys.",47.83,47.83,52.17,0.0,2.48,1.18,8.74
5433,"Collect and analyze data on customer demographics, preferences, needs, and buying habits to identify potential markets and factors affecting product demand.",40.1,40.1,59.9,0.02,2.92,4.45,22.08
5434,"Prepare reports of findings, illustrating data graphically and translating complex findings into written text.",60.46,60.46,39.54,0.04,3.18,11.19,32.68
5436,"Forecast and track marketing and sales trends, analyzing collected data.",42.4,42.35,57.54,0.02,2.93,9.76,42.13
5441,"Gather data on competitors and analyze their prices, sales, and method of marketing and distribution.",42.12,42.12,57.88,0.08,2.97,10.86,46.38
5444,Develop and implement procedures for identifying advertising needs.,32.81,32.81,67.19,0.01,2.93,7.56,50.12
5450,"Provide consultation to parents, teachers, administrators, and others on topics such as learning styles and behavior modification techniques.",32.84,32.84,67.16,0.02,2.58,2.84,32.71
5451,Promote an understanding of child development and its relationship to learning and behavior.,28.07,28.07,71.93,0.01,2.61,3.44,42.38
5458,Design classes and programs to meet the needs of special students.,41.54,41.54,58.46,0.0,3.15,7.85,38.39
5462,"Provide educational programs on topics such as classroom management, teaching strategies, or parenting skills.",32.73,32.73,67.27,0.0,2.89,5.98,54.88
5464,Prepare publications and reports containing research findings.,66.67,66.67,33.33,0.0,3.33,23.02,53.19
5465,Analyze and interpret data to increase the understanding of human social behavior.,22.51,22.51,77.49,0.13,2.83,4.9,55.18
5467,"Collect data about the attitudes, values, and behaviors of people in groups, using observation, interviews, and review of documents.",44.83,44.83,55.17,0.0,2.6,5.2,110.2
5468,"Develop, implement, and evaluate methods of data collection, such as questionnaires or interviews.",26.67,26.67,73.33,0.0,2.83,10.66,58.62
5471,"Consult with and advise individuals such as administrators, social workers, and legislators regarding social issues and policies, as well as the implications of research findings.",18.75,18.75,81.25,0.0,2.84,1.77,17.8
5503,"Create and modify maps, graphs, or diagrams, using geographical information software and related equipment, and principles of cartography, such as coordinate systems, longitude, latitude, elevation, topography, and map scales.",62.75,62.75,37.25,0.0,3.06,5.58,26.06
5512,"Provide consulting services in fields such as resource development and management, business location and market area analysis, environmental hazards, regional cultural history, and urban social planning.",37.15,37.58,63.58,0.03,2.84,6.16,39.07
5514,Provide geographical information systems support to the private and public sectors.,,,,0.0,2.94,,70.38
5517,Identify issues for research and analysis.,22.75,22.75,77.25,0.02,2.75,7.35,71.44
5520,"Collect, analyze, and interpret data, such as election results and public opinion surveys, reporting on findings, recommendations, and conclusions.",39.41,39.41,60.59,0.01,2.7,4.42,38.17
5521,"Interpret and analyze policies, public issues, legislation, or the operations of governments, businesses, and organizations.",23.51,23.51,76.49,0.01,2.89,4.73,32.23
5523,"Write drafts of legislative proposals, and prepare speeches, correspondence, and policy papers for governmental use.",46.88,46.88,53.13,0.0,2.84,6.84,28.25
5524,"Forecast political, economic, and social trends.",22.56,22.47,77.15,0.03,2.95,4.28,30.15
5525,"Consult with and advise government officials, civic bodies, research agencies, the media, political parties, and others concerned with political issues.",24.07,24.07,75.93,0.0,2.74,3.75,30.86
5530,"Prepare data summaries, reports, or analyses that include results, charts, or graphs to document research findings and results.",47.28,44.55,49.67,0.01,3.27,13.32,47.45
5540,"Perform general nursery duties, such as propagating standard varieties of plant materials, collecting and germinating seeds, maintaining cuttings of plants, or controlling environmental conditions.",80.0,80.0,20.0,0.0,2.53,0.3,9.67
5570,"Provide information about, and enforce, regulations, such as those concerning environmental protection, resource utilization, fire safety, and accident prevention.",49.46,49.46,50.54,0.0,2.64,0.63,8.23
5577,"Provide forestry education and general information, advice, and recommendations to woodlot owners, community organizations, and the general public.",55.56,55.56,44.44,0.0,2.66,0.61,12.57
5584,"Complete and maintain accurate records or reports regarding the patients' histories and progress, services provided, or other required information.",64.42,64.42,35.58,0.0,2.82,4.12,53.23
5585,"Develop client treatment plans based on research, clinical experience, and client histories.",42.32,42.32,57.68,0.01,3.04,8.19,51.49
5588,Intervene as an advocate for clients or patients to resolve emergency problems in crisis situations.,68.75,68.75,31.25,0.0,3.33,6.18,199.11
5590,Modify treatment plans to comply with changes in client status.,35.29,35.29,64.71,0.0,2.89,4.71,40.88
5616,"Provide students with information on topics such as college degree programs and admission requirements, financial aid opportunities, trade and technical schools, and apprenticeship programs.",26.65,26.65,73.35,0.02,2.59,3.54,36.47
5623,Prepare reports on students and activities as required by administration.,45.32,46.75,56.41,0.0,2.68,5.63,37.74
5626,"Instruct individuals in career development techniques, such as job search and application strategies, resume writing, and interview skills.",37.74,37.74,62.26,0.0,2.57,3.6,58.94
5629,"Compile and study occupational, educational, and economic information to assist counselees in determining and carrying out vocational and educational objectives.",33.17,32.37,65.23,0.08,2.72,4.42,47.19
5636,"Interview clients to obtain information about employment history, educational background, and career goals, and to identify barriers to employment.",55.0,55.0,45.0,0.0,2.7,4.55,51.36
5647,Read documents on pleadings and motions to ascertain facts and issues.,55.69,55.69,44.31,0.01,2.75,6.8,42.97
565,"Inform personnel of changes in regulations and policies, implications of new or amended laws, and new techniques of police work.",23.53,23.53,76.47,0.0,2.58,1.2,12.21
5651,Research legal issues and write opinions on the issues.,30.47,30.47,69.53,0.0,2.76,8.21,45.91
5653,Write decisions on cases.,68.42,68.42,31.58,0.0,2.95,5.05,22.89
5662,"Prepare and deliver lectures to undergraduate or graduate students on topics such as financial accounting, principles of marketing, and operations management.",30.46,30.46,69.54,0.02,2.61,5.8,42.33
5663,"Evaluate and grade students' class work, assignments, and papers.",31.91,31.91,68.09,0.04,2.62,3.8,40.91
5664,"Compile, administer, and grade examinations, or assign this work to others.",70.08,70.08,29.92,0.01,3.07,8.31,23.58
5665,"Prepare course materials, such as syllabi, homework assignments, and handouts.",43.03,43.03,56.97,0.02,3.12,12.48,44.4
5667,"Initiate, facilitate, and moderate classroom discussions.",21.88,21.88,78.12,0.07,2.44,2.54,45.04
5668,"Plan, evaluate, and revise curricula, course content, and course materials and methods of instruction.",29.85,29.85,70.15,0.0,2.86,12.53,74.24
5671,Advise students on academic and vocational curricula and career issues.,30.23,30.23,69.77,0.01,2.63,4.36,52.29
5681,"Conduct research in a particular field of knowledge and publish findings in professional journals, books, or electronic media.",35.26,35.26,64.74,0.0,2.94,10.15,33.89
5684,Write grant proposals to procure external research funding.,23.81,23.81,76.19,0.0,2.71,17.04,87.86
5685,"Evaluate and grade students' class work, laboratory work, assignments, and papers.",47.21,46.39,51.88,0.0,2.8,6.2,39.45
5689,"Compile, administer, and grade examinations or assign this work to others.",70.73,70.73,29.27,0.0,3.14,8.6,23.79
569,"Maintain logs, prepare reports, and direct the preparation, handling, and maintenance of departmental records.",77.78,77.78,22.22,0.0,3.56,2.89,11.72
5696,Advise students on academic and vocational curricula and on career issues.,27.62,27.27,71.48,0.07,2.66,4.46,54.53
57,"Prepare activity reports to inform management of the status and implementation plans of programs, services, and quality initiatives.",73.17,74.76,27.41,0.02,3.08,2.45,17.51
5711,"Prepare and deliver lectures to undergraduate or graduate students on topics such as linear algebra, differential equations, and discrete mathematics.",17.67,17.5,81.53,0.01,2.39,1.08,15.92
572,"Develop, implement, and revise departmental policies and procedures.",34.84,34.84,65.16,0.01,3.03,9.69,44.68
5724,"Conduct research in a particular field of knowledge and publish findings in books, professional journals, or electronic media.",54.23,51.52,43.48,0.0,3.0,10.27,26.0
5753,"Prepare and deliver lectures to undergraduate or graduate students on topics such as mechanics, hydraulics, and robotics.",26.19,26.19,73.81,0.0,2.38,1.37,19.76
5762,"Initiate, facilitate, and moderate class discussions.",20.97,20.97,79.03,0.06,2.51,3.0,46.29
577,Review contents of written orders to ensure adherence to legal requirements.,48.67,48.67,51.33,0.01,2.68,4.25,27.12
5868,"Prepare and deliver lectures to undergraduate or graduate students on topics such as organic chemistry, analytical chemistry, and chemical separation.",55.0,57.89,47.37,0.0,2.25,0.97,9.6
5916,"Prepare and deliver lectures to undergraduate or graduate students on topics such as quantum mechanics, particle physics, and optics.",20.54,20.54,79.46,0.0,2.48,2.24,20.75
5924,"Plan, evaluate, and revise curricula, course content, course materials, and methods of instruction.",11.63,11.63,88.37,0.0,2.7,10.65,74.78
5949,"Advise students on academic and vocational curricula, career issues, and laboratory and field research.",25.26,25.26,74.74,0.0,2.74,6.61,72.81
5971,"Advise students on academic and vocational curricula, and on career issues.",25.92,25.7,73.46,0.02,2.67,4.63,46.33
6028,Perform spatial analysis and modeling using geographic information system techniques.,66.67,66.67,33.33,0.0,2.87,9.2,51.0
6215,"Evaluate and grade students' class work, assignments, papers, and oral presentations.",34.85,34.85,65.15,0.0,2.6,4.79,42.0
6244,"Prepare course materials, such as syllabi, homework assignments, or handouts.",42.24,43.3,59.22,0.04,3.1,11.82,47.47
6261,"Evaluate and grade students' class work, performances, projects, assignments, and papers.",50.0,50.0,50.0,0.0,2.75,4.89,32.17
6263,"Prepare students for performances, exams, or assessments.",38.18,38.18,61.82,0.2,2.63,5.25,59.97
6345,"Conduct research in a particular field of knowledge and publish findings in scholarly journals, books, or electronic media.",36.76,36.76,63.24,0.0,2.87,10.46,41.1
637,Analyze patrons' hair and other physical features to determine and recommend beauty treatment or suggest hair styles.,47.55,47.55,52.45,0.01,2.66,0.97,17.55
6377,"Provide professional consulting services to government, educational institutions, or industry.",33.89,39.13,76.32,0.0,2.73,6.77,37.13
638,Schedule client appointments.,72.99,72.73,26.92,0.0,2.56,1.36,19.05
640,"Update and maintain customer information records, such as beauty services provided.",88.24,88.24,11.76,0.0,2.89,2.0,15.83
6400,"Evaluate and grade students' class work, laboratory work, projects, assignments, and papers.",56.14,56.14,43.86,0.0,3.22,5.89,23.96
6446,"Observe and evaluate students' work to determine progress, provide feedback, and make suggestions for improvement.",24.8,24.8,75.2,0.07,2.61,3.83,49.27
6447,"Present lectures and conduct discussions to increase students' knowledge and competence using visual aids, such as graphs, charts, videotapes, and slides.",26.19,26.19,73.81,0.0,3.29,6.22,17.73
6449,"Prepare reports and maintain records, such as student grades, attendance rolls, and training activity details.",42.86,42.86,57.14,0.0,3.33,12.36,39.1
6451,Determine training needs of students or workers.,52.5,52.5,47.5,0.0,2.87,2.46,19.51
6452,Provide individualized instruction and tutorial or remedial instruction.,21.1,21.1,78.9,0.17,2.38,3.13,67.13
6453,"Conduct on-the-job training classes or training sessions to teach and demonstrate principles, techniques, procedures, or methods of designated subjects.",23.68,23.68,76.32,0.0,2.82,4.39,61.2
6454,Develop curricula and plan course content and methods of instruction.,38.85,38.85,61.15,0.04,2.97,5.14,34.17
6455,Prepare outlines of instructional programs and training schedules and establish course goals.,50.0,50.0,50.0,0.0,2.53,4.86,38.65
6457,"Develop teaching aids, such as instructional software, multimedia visual aids, or study materials.",65.63,65.63,34.37,0.03,3.37,7.82,18.01
6459,"Advise students on course selection, career decisions, and other academic and vocational concerns.",29.2,29.2,70.8,0.05,2.62,3.48,46.4
6469,"Organize and lead activities designed to promote physical, mental, and social development, such as games, arts and crafts, music, storytelling, and field trips.",39.5,39.5,60.5,0.0,3.08,3.15,25.97
6484,"Plan and conduct activities for a balanced program of instruction, demonstration, and work time that provides students with opportunities to observe, question, and investigate.",39.56,38.25,58.43,0.01,2.95,3.77,34.28
6511,"Organize and lead activities designed to promote physical, mental, and social development, such as games, arts and crafts, music, and storytelling.",39.62,39.62,60.38,0.0,3.06,3.88,24.18
6512,"Prepare objectives and outlines for courses of study, following curriculum guidelines or requirements of states and schools.",52.63,52.63,47.37,0.0,2.63,3.61,51.84
6513,Guide and counsel students with adjustment or academic problems or special academic interests.,26.64,26.64,73.36,0.03,2.59,4.56,73.15
652,"Recommend and explain the use of cosmetics, lotions, and creams to soften and lubricate skin and enhance and restore natural appearance.",35.62,35.62,64.38,0.01,2.62,1.22,21.46
6526,Prepare for assigned classes and show written evidence of preparation upon request of immediate supervisors.,37.45,35.71,59.65,0.0,2.73,3.7,38.41
6540,"Instruct students individually and in groups, using teaching methods such as lectures, discussions, and demonstrations.",16.94,16.94,83.06,0.01,2.85,3.18,29.94
6542,Assign and grade class work and homework.,59.39,40.63,27.78,0.0,2.72,2.87,37.47
6544,"Prepare, administer, and grade tests and assignments to evaluate students' progress.",50.12,50.12,49.88,0.01,2.81,6.35,51.17
6549,Guide and counsel students with adjustment or academic problems or with special academic interests.,23.74,24.84,79.78,0.02,2.61,5.05,86.5
657,Provide customer service by greeting and assisting customers and responding to customer inquiries and complaints.,51.69,51.69,48.31,0.02,2.42,0.73,14.48
6582,Assign lessons and correct homework.,46.15,33.33,38.89,0.0,2.56,2.95,25.0
6588,"Guide and counsel students with adjustment or academic problems, or special academic interests.",24.17,25.19,79.01,0.01,2.69,6.16,81.23
66,"Monitor and analyze sales records, trends, or economic conditions to anticipate consumer buying patterns, company sales, and needed inventory.",57.25,57.25,42.75,0.01,2.85,4.06,31.72
6610,"Instruct students individually and in groups, using various teaching methods, such as lectures, discussions, and demonstrations.",23.13,23.13,76.87,0.02,2.82,2.97,25.61
6623,"Guide and counsel students with adjustments, academic problems, or special academic interests.",6.9,6.9,93.1,0.0,2.53,6.49,115.3
664,Examine products purchased for resale or received for storage to assess the condition of each product or item.,54.55,54.55,45.45,0.0,2.68,0.79,9.09
6653,"Prepare for assigned classes, and show written evidence of preparation upon request of immediate supervisors.",51.43,51.43,48.57,0.0,2.69,3.77,42.02
668,Instruct staff on how to handle difficult and complicated sales.,26.92,26.92,73.08,0.0,2.65,5.09,44.96
6681,"Instruct students in the knowledge and skills required in a specific occupation or occupational field, using a systematic plan of lectures, discussions, audio-visual presentations, and laboratory, shop, and field studies.",29.15,29.15,70.85,0.0,2.81,5.07,60.01
673,Review inventory and sales records to prepare reports for management and budget departments.,70.37,70.37,29.63,0.0,3.26,6.96,31.85
674,Plan and coordinate advertising campaigns and sales promotions and prepare merchandise displays and advertising copy.,38.15,38.15,61.85,0.01,3.03,11.1,75.44
675,"Confer with company officials to develop methods and procedures to increase sales, expand markets, and promote business.",34.22,34.22,65.78,0.01,2.9,12.61,85.22
6781,Provide additional instruction in vocational areas.,39.15,39.15,60.85,0.01,2.63,3.17,45.14
680,Recommend and provide advice on a wide variety of products and services.,42.31,42.31,57.69,2.25,2.6,2.3,33.65
6825,Observe and evaluate students' work to determine progress and make suggestions for improvement.,23.88,23.88,76.12,0.02,2.56,3.69,51.71
6832,Prepare students for further education by encouraging them to explore learning opportunities and to persevere with challenging tasks.,53.85,53.85,46.15,0.0,2.72,6.38,192.14
6844,"Review instructional content, methods, and student evaluations to assess strengths and weaknesses, and to develop recommendations for course revision, development, or elimination.",27.19,27.02,72.36,0.01,2.8,4.33,39.61
6855,"Advise students on internships, prospective employers, and job placement services.",41.38,41.38,58.62,0.01,2.66,5.03,70.71
6865,"Advise teaching and administrative staff in curriculum development, use of materials and equipment, and implementation of state and federal programs and procedures.",26.09,26.09,73.91,0.0,2.72,3.63,34.66
687,"Explain rental fees, policies, and procedures.",19.44,19.44,80.56,0.0,2.35,0.47,8.14
6870,"Research, evaluate, and prepare recommendations on curricula, instructional methods, and materials for school systems.",38.78,35.48,56.0,0.0,2.81,5.84,28.66
6873,"Prepare grant proposals, budgets, and program policies and goals or assist in their preparation.",40.0,40.0,60.0,0.0,3.05,11.0,62.0
6877,Advise and teach students.,23.9,23.9,76.1,0.15,2.49,4.22,54.99
6882,"Design complex graphics and animation, using independent judgment, creativity, and computer equipment.",52.55,52.55,47.45,0.01,3.55,9.95,20.93
6883,"Create two-dimensional and three-dimensional images depicting objects in motion or illustrating a process, using computer animation or modeling programs.",54.98,54.98,45.02,0.01,3.5,8.98,21.24
6884,"Make objects or characters appear lifelike by manipulating light, color, texture, shadow, and transparency, or manipulating static images to give the illusion of motion.",53.85,53.85,46.15,0.0,3.43,6.74,15.89
6886,"Apply story development, directing, cinematography, and editing to animation to create storyboards that show the flow of the animation and map out key scenes and characters.",47.69,48.59,53.3,0.01,2.78,6.37,37.78
6887,"Script, plan, and create animated narrative sequences under tight deadlines, using computer software and hand drawing techniques.",60.47,60.47,39.53,0.0,2.89,7.78,66.53
6888,"Create basic designs, drawings, and illustrations for product labels, cartons, direct mail, or television.",60.31,62.28,40.98,0.0,3.23,7.53,22.73
6890,"Develop briefings, brochures, multimedia presentations, web pages, promotional products, technical illustrations, and computer artwork for use in products, technical manuals, literature, newsletters, and slide shows.",56.85,56.85,43.15,0.01,3.41,10.73,25.08
6896,"Prepare sketches of ideas, detailed drawings, illustrations, artwork, or blueprints, using drafting instruments, paints and brushes, or computer-aided design equipment.",66.67,66.67,33.33,0.0,3.1,5.13,14.24
6898,"Modify and refine designs, using working models, to conform with customer specifications, production limitations, or changes in design trends.",15.22,15.22,84.78,0.1,2.94,7.55,67.8
6899,Coordinate the look and function of product lines.,23.26,23.26,76.74,0.0,3.0,13.77,55.14
6901,Present designs and reports to customers or design committees for approval and discuss need for modification.,41.18,41.18,58.82,0.0,2.76,2.84,32.76
6902,"Evaluate feasibility of design ideas, based on factors such as appearance, safety, function, serviceability, budget, production costs/methods, and market characteristics.",34.78,34.78,65.22,0.04,2.71,3.07,41.15
6904,"Research production specifications, costs, production materials, and manufacturing methods and provide cost estimates and itemized production requirements.",43.66,44.31,57.18,0.02,2.94,6.44,32.6
691,"Provide information about rental items, such as availability, operation, or description.",48.54,51.37,54.46,0.0,2.38,1.68,28.69
6911,"Participate in new product planning or market research, including studying the potential need for new products.",42.03,42.03,57.97,0.0,2.91,7.79,47.96
6912,Advise corporations on issues involving corporate image projects or problems.,27.89,28.57,73.85,0.01,2.9,6.85,53.25
6917,Advise patients about recommended courses of treatment.,45.95,45.95,54.05,0.14,2.63,1.74,38.15
6919,Analyze x-rays to locate the sources of patients' difficulties and to rule out fractures or diseases as sources of problems.,60.47,70.37,46.0,0.0,2.74,1.44,26.35
692,Advise customers on use and care of merchandise.,49.14,49.14,50.86,0.46,2.4,0.68,16.47
6920,"Counsel patients about nutrition, exercise, sleeping habits, stress management, or other matters.",47.67,47.67,52.33,0.16,2.64,3.23,61.3
6929,"Advise or instruct patients regarding preventive dental care, the causes and treatment of dental problems, or oral health care services.",36.36,36.36,63.64,0.0,2.43,0.5,11.4
694,Greet customers and ascertain what each customer wants or needs.,79.22,79.22,20.78,0.01,2.79,0.56,4.47
6946,"Observe and influence patients' behavior, communicating and interacting with them and teaching, counseling, or befriending them.",,,,0.0,2.86,2.1,81.53
6948,"Encourage patients to develop work skills and to participate in social, recreational, or other therapeutic activities that enhance interpersonal skills or develop social relationships.",74.85,69.0,23.19,0.01,2.66,2.05,31.65
6950,Develop or teach strategies to promote client wellness and independence.,28.41,28.41,71.59,0.0,2.67,4.84,29.74
6975,"Counsel students in the handling of issues such as family, financial, and educational problems.",42.11,42.11,57.89,0.01,2.85,1.82,52.0
6979,Collaborate with counselors to develop counseling programs that address the needs of individual students.,50.0,50.0,50.0,0.0,2.24,3.53,38.56
698,Maintain records related to sales.,78.95,78.95,21.05,0.0,3.16,6.33,36.72
6980,Develop program plans for individuals or assist in plan development.,40.5,40.5,59.5,0.09,3.09,8.04,46.09
6984,Provide requested information on students' progress and the development of case plans.,53.33,53.33,46.67,0.0,2.73,2.26,21.77
6986,"Answer telephones, and route calls or deliver messages.",100.0,100.0,0.0,0.0,1.9,0.19,0.57
700,"Recommend, select, and help locate or obtain merchandise based on customer needs and desires.",43.91,43.91,56.09,0.22,2.59,2.15,34.24
701,Answer questions regarding the store and its merchandise.,69.59,69.59,30.41,0.01,2.41,0.48,5.65
702,"Describe merchandise and explain use, operation, and care of merchandise to customers.",33.99,33.99,66.01,0.14,2.42,1.12,19.57
7021,Use telephone to deliver verbal messages.,98.4,98.4,1.6,0.0,1.9,0.26,0.49
7083,"Prepare reports of services rendered, tools used, or time required, for billing purposes.",45.61,45.61,54.39,0.0,2.89,3.99,33.07
7154,Prepare accident reports.,56.76,56.76,43.24,0.0,2.86,2.18,16.81
7201,Direct the compilation of summary sheets that show wager amounts and payoffs for races or events.,77.78,77.78,22.22,0.0,2.5,2.79,23.11
7204,"Develop client relationships and communicate with clients to explain proposals, present research findings, establish specifications, or discuss project status.",40.28,40.28,59.72,0.0,2.54,2.61,33.84
7206,Prepare project proposals.,13.33,13.33,86.67,0.0,3.0,11.4,45.33
7207,"Design or coordinate successive phases of problem analysis, solution proposals, or testing.",31.34,31.34,68.66,0.01,2.83,8.11,57.02
7208,"Review project activities and prepare and review research, testing, or operational reports.",66.71,69.95,34.91,0.02,3.08,5.15,32.79
7216,Advise or assist in obtaining patents or meeting other legal requirements.,37.21,37.21,62.79,0.02,2.64,6.8,58.8
7225,"Negotiate the sale, lease, or development of property and complete or review appropriate documents and forms.",61.62,52.17,32.5,0.0,2.63,3.54,20.75
7228,Prepare detailed budgets and financial reports for properties.,35.19,32.0,58.93,0.0,3.25,10.5,46.66
723,Seek out new clients and develop clientele by networking to find new customers and generate lists of prospective clients.,70.59,70.59,29.41,0.0,3.0,4.08,30.67
7233,Review rents to ensure that they are in line with rental markets.,64.71,64.71,35.29,0.0,2.89,6.9,36.53
724,"Explain features, advantages, and disadvantages of various policies to promote sale of insurance plans.",33.33,33.33,66.67,0.0,2.63,1.73,17.2
7246,"Estimate parts and labor to repair damage, using standard automotive labor and parts cost manuals and knowledge of automotive repair.",77.11,67.39,20.0,0.0,2.29,1.18,24.29
7254,"Prepare plans that outline operating procedures to be used in response to disasters or emergencies, such as hurricanes, nuclear accidents, and terrorist attacks, and in recovery from these events.",54.84,54.84,45.16,0.0,3.31,9.32,24.14
7276,Gather and organize information on problems or procedures.,87.83,91.77,12.71,0.02,2.92,1.92,13.17
7277,Analyze data gathered and develop solutions or alternative methods of proceeding.,34.6,34.6,65.4,0.03,2.82,11.18,67.29
7282,"Document findings of study and prepare recommendations for implementation of new systems, procedures, or organizational changes.",36.46,36.46,63.54,0.07,2.94,11.5,60.69
7284,"Design, evaluate, recommend, and approve changes of forms and reports.",51.21,51.21,48.79,0.02,2.66,2.88,18.63
731,Develop marketing strategies to compete with other individuals or companies who sell insurance.,36.73,36.73,63.27,0.0,2.94,9.66,59.7
7315,"Review and analyze new, proposed, or revised laws, regulations, policies, and procedures to interpret their meaning and determine their impact.",38.67,38.67,61.33,0.02,2.75,6.46,32.53
7317,"Recommend actions to ensure compliance with laws and regulations, or to protect solvency of institutions.",36.18,36.18,63.82,0.06,2.67,4.95,39.55
7319,"Prepare reports, exhibits, and other supporting schedules that detail an institution's safety and soundness, compliance with laws and regulations, and recommended solutions to questionable financial conditions.",43.24,43.24,56.76,0.0,2.95,8.7,45.62
7321,Review audit reports of internal and external auditors to monitor adequacy of scope of reports or to discover specific weaknesses in internal routines.,100.0,100.0,0.0,0.0,3.0,0.62,2.35
7358,"Compute taxes owed or overpaid, using adding machines or personal computers, and complete entries on forms, following tax form instructions and tax tables.",60.47,60.47,39.53,0.0,2.63,1.64,11.16
7362,"Review financial records, such as income statements and documentation of expenditures to determine forms needed to prepare tax returns.",,,,0.0,2.88,6.76,39.24
7363,Furnish taxpayers with sufficient information and advice to ensure correct tax form completion.,49.26,49.26,50.74,0.04,2.31,2.28,43.67
7366,"Check data input or verify totals on forms prepared by others to detect errors in arithmetic, data entry, or procedures.",50.0,50.0,50.0,0.01,2.63,2.67,19.56
7367,"Apply mathematical theories and techniques to the solution of practical problems in business, engineering, the sciences, or other fields.",53.82,54.28,46.58,0.79,2.36,1.61,18.74
7368,Develop computational methods for solving problems that occur in areas of science and engineering or that come from applications in business or industry.,52.25,52.25,47.75,0.01,2.81,5.26,43.33
7370,Perform computations and apply methods of numerical analysis to data.,56.9,56.9,43.1,0.01,2.58,3.75,27.38
7371,Develop mathematical or statistical models of phenomena to be used for analysis or for computational simulation.,21.05,21.05,78.95,0.0,3.0,7.83,38.77
7372,"Assemble sets of assumptions, and explore the consequences of each set.",19.49,19.49,80.51,0.04,2.97,5.18,47.58
7373,"Address the relationships of quantities, magnitudes, and forms through the use of numbers and symbols.",61.32,62.03,39.13,0.01,2.42,2.06,17.28
7375,"Design, analyze, and decipher encryption systems designed to transmit military, political, financial, or law-enforcement-related information in code.",93.75,93.75,6.25,0.0,3.06,3.35,33.18
7377,"Formulate mathematical or simulation models of problems, relating constants and variables, restrictions, alternatives, conflicting objectives, and their numerical parameters.",34.62,33.77,63.77,0.06,2.88,10.58,59.97
7379,Analyze information obtained from management to conceptualize and define operational problems.,53.6,53.6,46.4,0.04,2.77,5.4,39.31
738,"Converse with customer to determine destination, mode of transportation, travel dates, financial considerations, and accommodations required.",64.23,64.23,35.77,0.0,2.89,1.46,8.19
7380,"Perform validation and testing of models to ensure adequacy, and reformulate models, as necessary.",37.95,37.95,62.05,0.01,3.01,16.76,87.91
7382,"Define data requirements, and gather and validate information, applying judgment and statistical tests.",64.46,61.57,33.94,0.01,2.71,5.67,42.44
7383,Study and analyze information about alternative courses of action to determine which plan will offer the best outcomes.,33.59,33.59,66.41,0.09,2.73,8.11,64.57
7384,Prepare management reports defining and evaluating problems and recommending solutions.,80.29,80.82,19.84,0.0,3.38,5.05,27.63
7385,"Break systems into their components, assign numerical values to each component, and examine the mathematical relationships between them.",41.84,41.84,58.16,0.04,2.58,3.26,27.67
7386,Specify manipulative or computational methods to be applied to models.,43.63,43.63,56.37,0.01,2.6,4.7,55.73
7387,"Observe the current system in operation, and gather and analyze information about each of the component problems, using a variety of sources.",87.09,87.09,12.91,0.09,2.86,5.09,58.94
7389,"Develop and apply time and cost networks to plan, control, and review large projects.",38.81,38.81,61.19,0.0,3.38,10.22,39.49
739,"Compute cost of travel and accommodations, using calculator, computer, carrier tariff books, and hotel rate books, or quote package tour's costs.",43.48,43.48,56.52,0.0,2.39,2.51,29.78
7390,"Develop business methods and procedures, including accounting systems, file systems, office systems, logistics systems, and production schedules.",48.39,48.39,51.61,0.0,3.08,8.68,65.38
7391,Update knowledge and skills to keep up with rapid advancements in computer technology.,38.78,46.67,73.68,0.0,2.84,1.97,38.53
7392,"Provide technical support to designers, marketing and sales departments, suppliers, engineers and other team members throughout the product development and implementation process.",41.04,42.24,60.69,0.03,2.8,11.54,99.05
7395,"Analyze information to determine, recommend, and plan layout, including type of computers and peripheral equipment modifications.",48.28,48.28,51.72,0.0,2.61,5.7,37.26
7396,"Build, test, and modify product prototypes, using working models or theoretical models constructed with computer simulation.",44.97,49.04,60.0,0.0,3.34,6.59,28.34
7397,Analyze user needs and recommend appropriate hardware.,32.94,32.94,67.06,0.02,2.5,2.71,36.5
7401,"Store, retrieve, and manipulate data for analysis of system capabilities and requirements.",57.23,61.67,46.08,0.01,2.84,7.75,39.86
7403,"Specify power supply requirements and configuration, drawing on system performance expectations and design specifications.",27.59,27.59,72.41,0.0,2.77,4.9,47.81
7404,Provide training and support to system designers and users.,46.16,46.16,53.84,0.77,2.67,5.3,71.14
746,"Perform administrative support tasks, such as proofreading, transcribing handwritten information, or operating calculators or computers to work with pay records, invoices, balance sheets, or other documents.",57.83,53.33,38.89,0.0,2.77,1.49,18.97
748,Hear and resolve complaints from customers or the public.,50.77,56.25,54.55,0.0,2.57,1.01,25.85
749,File and maintain records.,96.85,96.68,3.14,0.02,3.18,1.15,5.9
750,"Transmit information or documents to customers, using computer, mail, or facsimile machine.",97.58,97.58,2.42,0.01,2.57,0.79,5.02
751,Schedule appointments and maintain and update appointment calendars.,84.23,84.23,15.77,0.01,2.74,1.33,15.05
7519,"Investigate cause, progress, life cycle, or mode of transmission of diseases or parasites.",27.27,27.27,72.73,0.0,2.55,1.0,9.23
752,Analyze data to determine answers to questions from customers or members of the public.,54.99,54.99,45.01,0.29,2.75,5.75,46.15
7522,"Consult with and advise physicians, educators, researchers, and others regarding medical applications of physics, biology, and chemistry.",20.33,20.9,81.91,0.0,2.45,2.59,30.44
7525,"Analyze research data to determine its significance, using computers.",56.17,56.17,43.83,0.08,2.99,12.34,79.99
753,"Provide information about establishment, such as location of departments or offices, employees within the organization, or services provided.",44.83,44.83,55.17,0.0,2.54,0.81,17.31
7531,Develop instrumentation and software for astronomical observation and analysis.,62.5,62.5,37.5,0.0,2.69,12.13,96.13
7537,"Provide advice and consultation on economic relationships to businesses, public and private agencies, and other employers.",32.84,32.84,67.16,0.03,2.8,3.41,27.89
7538,"Compile, analyze, and report data to explain economic phenomena and forecast market trends, applying mathematical models and statistical techniques.",52.1,60.0,55.17,0.0,2.72,4.94,30.47
7539,"Formulate recommendations, policies, or plans to solve economic problems or to interpret markets.",18.75,18.75,81.25,0.0,3.0,9.16,26.56
7545,"Prepare and present summaries and analyses of survey data, including tables, graphs, and fact sheets that describe survey techniques and results.",57.89,57.89,42.11,0.0,3.37,12.26,34.79
7550,"Conduct surveys and collect data, using methods such as interviews, questionnaires, focus groups, market analysis surveys, public opinion polls, literature reviews, and file reviews.",65.12,65.12,34.88,0.01,2.78,1.2,8.77
7555,"Determine and specify details of survey projects, including sources of information, procedures to be used, and the design of survey instruments and materials.",32.63,32.63,67.37,0.0,2.89,6.89,43.38
756,"Calculate and quote rates for tours, stocks, insurance policies, or other products or services.",34.21,34.21,65.79,0.0,2.56,3.79,34.47
7564,"Advise management concerning personnel, managerial, and marketing policies and practices and their potential effects on organizational effectiveness and efficiency.",37.88,37.88,62.12,0.08,2.75,5.56,48.38
7565,Identify training and development needs.,44.4,44.4,55.6,0.03,2.95,5.85,34.35
7567,"Formulate and implement training programs, applying principles of learning and individual differences.",27.87,27.87,72.13,0.0,3.05,10.26,59.76
7569,Assess employee performance.,49.53,49.53,50.47,0.04,2.76,4.74,38.62
7571,Facilitate organizational development and change.,29.6,29.6,70.4,0.03,2.84,7.5,57.58
7573,Counsel workers about job and career-related issues.,45.73,45.25,53.71,0.03,2.86,4.58,90.43
7578,"Compute moisture or salt content, percentages of ingredients, formulas, or other product factors, using mathematical and chemical procedures.",36.0,36.0,64.0,0.0,2.48,2.84,28.4
7579,"Record or compile test results or prepare graphs, charts, or reports.",82.22,82.22,17.78,0.0,3.07,5.49,49.52
758,"Process and prepare memos, correspondence, travel vouchers, or other documents.",53.6,53.6,46.4,0.03,2.48,1.99,27.83
7581,Analyze test results to classify products or compare results with standard tables.,64.52,64.52,35.48,0.0,2.55,2.68,13.77
759,Schedule space or equipment for special programs and prepare lists of participants.,58.82,58.82,41.18,0.0,2.86,3.07,10.1
7617,Prepare written opinions and decisions.,62.96,62.96,37.04,0.0,2.67,3.86,19.19
7619,"Research and analyze laws, regulations, policies, and precedent decisions to prepare for hearings and to determine conclusions.",35.35,35.35,64.65,0.02,2.69,9.56,55.39
7621,"Recommend the acceptance or rejection of claims or compromise settlements according to laws, regulations, policies, and precedent decisions.",53.33,53.33,46.67,0.0,2.47,7.97,
7622,Explain to claimants how they can appeal rulings that go against them.,45.0,45.0,55.0,0.0,2.54,5.1,65.96
7640,"Specialize in an area of history or technology, researching topics or items relevant to collections to determine what should be retained or acquired.",11.76,11.76,88.24,0.0,3.0,2.81,12.28
7642,"Select and edit documents for publication and display, applying knowledge of subject, literary expression, and presentation techniques.",54.71,54.71,45.29,0.09,2.84,3.33,18.37
7646,Collaborate with other actors as part of an ensemble.,81.52,81.52,18.48,0.0,2.85,3.95,89.12
7647,"Perform humorous and serious interpretations of emotions, actions, and situations, using body movements, facial expressions, and gestures.",80.0,80.0,20.0,0.0,2.9,4.16,45.23
7649,"Portray and interpret roles, using speech, gestures, and body movements, to entertain, inform, or instruct radio, film, television, or live audiences.",80.6,80.6,19.4,0.02,2.83,4.76,84.27
7652,"Read from scripts or books to narrate action or to inform or entertain audiences, utilizing few or no stage props.",82.63,82.63,17.37,0.0,3.12,5.9,54.26
7654,"Write original or adapted material for dramas, comedies, puppet shows, narration, or other performances.",44.45,44.45,55.55,0.12,2.83,7.17,58.67
7656,"Tell jokes, perform comic dances, songs and skits, impersonate mannerisms and voices of others, contort face, and use other devices to amuse audiences.",70.33,78.5,33.11,0.0,3.15,0.77,8.67
766,Schedule and make appointments.,82.82,80.1,16.61,0.01,2.53,0.83,11.96
7660,"Perform original and stock tricks of illusion to entertain and mystify audiences, occasionally including audience members as participants.",68.18,68.18,31.82,0.0,3.26,1.15,13.0
7662,"Plan and schedule programming and event coverage, based on broadcast length, time availability, and other factors, such as community needs, ratings data, and viewer demographics.",44.06,48.48,61.54,0.0,2.76,8.52,82.26
7669,"Evaluate new and existing programming to assess suitability and the need for changes, using information such as audience surveys and feedback.",29.94,29.94,70.06,0.0,2.74,6.97,73.54
7674,Develop promotions for current programs and specials.,42.8,42.8,57.2,0.02,2.88,5.97,56.03
7676,Develop ideas for programs and features that a station could produce.,32.68,32.68,67.32,0.01,2.83,10.53,71.49
771,Draft and type office memos.,45.61,41.3,49.25,0.0,2.35,1.81,25.13
772,Review legal publications and perform database searches to identify laws and court decisions relevant to pending cases.,51.4,51.4,48.6,0.01,2.6,7.88,39.33
7724,Report equipment problems and ensure that required repairs are made.,89.47,89.47,10.53,0.0,2.67,0.25,2.29
7733,"Study diagnostic records, such as medical or dental histories, plaster models of the teeth, photos of a patient's face and teeth, and X-rays, to develop patient treatment plans.",25.0,25.0,75.0,0.0,2.7,5.13,58.35
776,"Compile and record medical charts, reports, or correspondence, using typewriter or personal computer.",63.37,63.37,36.63,0.0,2.78,4.33,22.08
7764,"Diagnose illnesses, using examinations, tests, and reports.",60.0,60.0,40.0,0.0,2.68,2.16,58.56
7769,Instruct individuals and groups on ways to preserve health and prevent disease.,41.68,44.29,61.97,0.01,2.59,2.02,17.23
7773,Monitor patients' conditions and progress and reevaluate treatments as necessary.,90.48,90.48,9.52,0.0,2.43,7.39,107.14
7776,"Advise patients and community members concerning diet, activity, hygiene, and disease prevention.",46.99,46.54,52.51,0.03,2.55,2.5,56.94
7777,Refer patients to medical specialists or other practitioners when necessary.,54.32,54.32,45.68,0.0,2.68,0.8,25.93
7786,"Analyze records, reports, test results, or examination information to diagnose medical condition of patient.",51.77,53.68,50.0,0.0,2.62,2.87,51.08
7792,Make diagnoses when different illnesses occur together or in situations where the diagnosis may be obscure.,55.0,55.0,45.0,0.0,2.78,1.44,14.65
7799,Provide consulting services to other doctors caring for patients with special or difficult problems.,25.0,25.0,75.0,0.0,2.5,2.09,30.81
78,"Determine which products should be featured in advertising, the advertising medium to be used, or when the ads should be run.",41.88,41.88,58.12,0.03,2.83,7.03,66.07
781,"Maintain medical records, technical library, or correspondence files.",64.71,64.71,35.29,0.0,2.94,3.11,15.16
7811,"Collect, record, and maintain patient information, such as medical histories, reports, or examination results.",75.0,75.0,25.0,0.0,2.48,2.67,40.43
7823,"Advise patients, parents or guardians, and community members concerning diet, activity, hygiene, and disease prevention.",49.67,49.67,50.33,0.01,2.51,1.26,25.73
7825,Explain procedures and discuss test results or prescribed treatments with patients and parents or guardians.,32.27,29.2,61.29,0.0,2.32,1.43,36.8
783,"Transmit correspondence or medical records by mail, e-mail, or fax.",93.33,93.33,6.67,0.0,2.85,0.39,3.8
7830,Provide consulting services to other physicians.,34.55,34.38,65.12,0.0,2.38,2.82,23.75
7852,Advise patients about treatments and foot care techniques necessary for prevention of future problems.,68.09,68.09,31.91,0.0,2.55,0.56,9.55
786,Transcribe recorded messages or practitioners' diagnoses or recommendations into patients' medical records.,90.72,90.72,9.28,0.0,2.02,0.68,7.4
7883,"Assess clients' soft tissue condition, joint quality and function, muscle strength, and range of motion.",32.81,32.81,67.19,0.0,2.71,0.78,19.0
7885,Refer clients to other types of therapists when necessary.,46.67,46.67,53.33,0.0,3.0,1.95,83.38
789,"Prepare correspondence or assist physicians or medical scientists with preparation of reports, speeches, articles, or conference proceedings.",33.33,33.33,66.67,0.0,2.44,2.82,42.6
790,"Check completed work for spelling, grammar, punctuation, and format.",26.46,26.65,74.06,0.07,2.31,2.58,22.46
792,"Gather, register, and arrange the material to be typed, following instructions.",77.03,77.03,22.97,0.0,2.11,1.22,12.22
793,"Type correspondence, reports, text and other written material from rough drafts, corrected copies, voice recordings, dictation, or previous versions, using a computer, word processor, or typewriter.",76.8,76.8,23.2,0.01,2.35,1.88,11.19
794,"File and store completed documents on computer hard drive or disk, or maintain a computer filing system to store, retrieve, update, and delete documents.",100.0,100.0,0.0,0.0,2.86,0.73,6.67
796,Keep records of work performed.,89.74,89.74,10.26,0.0,3.08,1.83,19.36
797,"Compute and verify totals on report forms, requisitions, or bills, using adding machine or calculator.",55.62,56.25,44.88,0.02,2.27,1.83,19.73
7974,Record work activities performed.,70.95,70.95,29.05,0.01,2.62,2.17,24.17
799,"Electronically sort and compile text and numerical data, retrieving, updating, and merging documents as required.",63.74,64.65,36.78,0.35,2.97,4.45,18.27
8,Advise dealers and distributors on policies and operating procedures to ensure functional effectiveness of business.,45.24,49.04,59.36,0.01,2.69,3.49,31.15
80,"Analyze blueprints and other documentation to prepare time, cost, materials, and labor estimates.",58.82,58.82,41.18,0.0,3.29,4.44,17.06
800,"Reformat documents, moving paragraphs or columns.",53.32,53.32,46.68,0.15,2.86,3.87,18.4
8009,Answer questions about game rules or casino policies.,51.02,51.02,48.98,0.0,2.55,1.08,21.39
801,"Search for specific sets of stored, typed characters to make changes.",67.85,67.85,32.15,0.01,2.93,3.91,25.1
802,"Adjust settings for format, page layout, line spacing, and other style requirements.",53.06,53.06,46.94,0.46,3.15,4.78,16.98
805,Transmit work electronically to other locations.,96.43,96.43,3.57,0.0,3.32,2.07,12.75
8052,Question patrons regarding desired services and haircut styles.,52.83,52.83,47.17,0.01,2.57,0.42,6.5
8058,Suggest treatments to alleviate hair problems.,40.0,40.0,60.0,0.0,2.56,1.14,21.64
806,"Work with technical material, preparing statistical reports, planning and typing statistical tables, and combining and rearranging material from different sources.",48.05,46.98,50.79,0.06,3.1,12.23,44.97
8070,Keep records of client needs and preferences and the services provided.,70.65,70.65,29.35,0.02,2.69,3.36,45.78
8071,Demonstrate how to clean and care for skin properly and recommend skin-care regimens.,40.23,40.23,59.77,0.01,2.65,1.29,25.05
8072,"Examine clients' skin, using magnifying lamps or visors when necessary, to evaluate skin condition and appearance.",49.49,42.86,43.75,0.0,2.55,0.56,11.82
8076,Refer clients to medical personnel for treatment of serious skin problems.,53.05,53.05,46.95,0.0,2.68,0.47,10.22
8077,Determine which products or colors will improve clients' skin quality and appearance.,49.3,49.3,50.7,0.0,3.14,2.41,24.96
8082,Advise clients about colors and types of makeup and instruct them in makeup application techniques.,44.25,44.25,55.75,0.0,2.82,1.47,20.14
8113,"Answer customers' questions about products, prices, availability, product uses, and credit terms.",45.39,45.31,54.51,0.06,2.39,0.53,8.77
8114,"Recommend products to customers, based on customers' needs and interests.",47.01,47.01,52.99,1.12,2.68,1.81,24.6
8116,"Estimate or quote prices, credit or contract terms, warranties, and delivery dates.",50.7,50.7,49.3,0.01,2.64,2.05,28.75
8117,Consult with clients after sales or contract signings to resolve problems and to provide ongoing support.,57.91,57.91,42.09,0.01,2.37,4.18,76.19
8118,"Prepare drawings, estimates, and bids that meet specific customer needs.",26.7,25.82,70.87,0.01,3.09,5.2,30.47
8122,"Monitor market conditions, product innovations, and competitors' products, prices, and sales.",97.78,97.78,2.22,0.0,3.46,2.04,4.15
8145,"Correspond with customers and confer with coworkers to answer inquiries, discuss market fluctuations, or resolve account problems.",42.86,42.86,57.14,0.0,2.12,2.18,29.25
8150,Monitor daily stock prices and compute fluctuations to determine the need for additional collateral to secure loans.,100.0,100.0,0.0,0.0,2.43,0.55,2.26
8151,"Compute total holdings, dividends, interest, transfer taxes, brokerage fees, or commissions and allocate appropriate payments to customers.",59.61,55.34,37.5,0.0,2.48,2.77,19.08
8190,Advise clients on transportation and payment methods.,53.33,53.33,46.67,0.0,2.53,1.15,18.8
826,"Communicate with customers, employees, and other individuals to answer questions, disseminate or explain information, take orders, and address complaints.",76.41,76.41,23.59,0.02,2.5,0.74,19.57
828,"Compile, copy, sort, and file records of office activities, business transactions, and other activities.",93.36,87.92,6.25,0.01,3.29,2.74,12.87
831,"Compute, record, and proofread data and other information, such as records or reports.",45.61,45.61,54.39,0.0,2.64,4.7,27.48
832,"Maintain and update filing, inventory, mailing, and database systems, either manually or using a computer.",72.73,72.73,27.27,0.0,2.61,2.8,32.55
8325,"Select appropriate tools, safety equipment, and parts, according to job requirements.",69.57,69.57,30.43,0.0,2.52,1.03,28.17
834,"Review files, records, and other documents to obtain information to respond to requests.",68.75,68.75,31.25,0.7,2.8,3.53,18.69
835,Deliver messages and run errands.,93.94,93.94,6.06,0.0,2.09,0.31,1.95
837,"Complete work schedules, manage calendars, and arrange appointments.",81.82,81.82,18.18,0.01,2.88,1.79,23.95
838,"Process and prepare documents, such as business or government forms and expense reports.",54.17,54.17,45.83,0.0,2.9,4.72,44.46
84,"Prepare estimates used by management for purposes such as planning, organizing, and scheduling work.",26.09,26.09,73.91,0.0,2.74,3.01,31.3
840,"Type, format, proofread, and edit correspondence and other documents, from notes or dictating machines, using computers or typewriters.",38.24,38.24,61.76,0.0,2.37,5.1,73.69
841,"Count, weigh, measure, or organize materials.",67.51,67.51,32.49,0.02,2.21,0.43,7.18
8419,Coordinate work assignment preparation and completion with other workers.,71.26,64.0,25.81,0.0,2.48,2.48,20.08
843,"Prepare meeting agendas, attend meetings, and record and transcribe minutes.",91.88,88.0,7.78,0.0,2.32,0.98,5.78
8439,"Measure parts to verify specified dimensions or settings, such as camera shutter speed or light meter reading accuracy, using measuring instruments.",,,,0.0,2.2,0.4,8.7
8443,"Read and interpret engineering drawings, diagrams, instructions, or specifications to determine needed repairs, fabrication method, and operation sequence.",50.0,50.0,50.0,0.0,2.6,6.26,35.1
8454,"Plan and establish work schedules, assignments, and production sequences to meet production goals.",48.8,48.8,51.2,0.01,2.89,3.84,30.31
8460,"Maintain operations data, such as time, production, and cost records, and prepare management reports of production results.",91.8,91.8,8.2,0.0,3.26,4.52,16.34
8466,"Calculate labor and equipment requirements and production specifications, using standard formulas.",41.33,41.33,58.67,0.0,2.61,3.14,25.84
8469,Determine work assignments and procedures.,52.73,52.73,47.27,0.0,3.05,3.8,25.86
8491,"Visualize and compute dimensions, sizes, shapes, and tolerances of assemblies, based on specifications.",40.91,40.91,59.09,0.0,2.56,1.68,24.68
8561,Plan work schedules and assign duties to maintain adequate staff for effective performance of activities and response to fluctuating workloads.,48.9,51.72,54.04,0.0,2.82,3.57,20.74
8562,Collaborate with workers and managers to solve work-related problems.,44.44,44.44,55.56,0.0,2.44,1.61,26.22
8565,Check specifications of materials loaded or unloaded against information contained in work orders.,60.0,60.0,40.0,0.0,2.22,0.81,12.89
8566,Inform designated employees or departments of items loaded or problems encountered.,100.0,99.02,0.0,0.0,2.89,0.41,1.16
8568,Evaluate employee performance and prepare performance appraisals.,50.77,50.77,49.23,0.02,2.78,4.64,32.94
8570,"Prepare and maintain work records and reports of information such as employee time and wages, daily receipts, or inspection results.",61.07,58.82,37.5,0.0,3.04,5.03,37.75
8572,"Counsel employees in work-related activities, personal growth, or career development.",41.75,41.75,58.25,0.01,2.74,3.76,65.43
8574,"Resolve personnel problems, complaints, or formal grievances when possible, or refer them to higher-level supervisors for resolution.",57.38,57.38,42.62,0.0,2.58,2.18,32.98
8575,"Recommend or initiate personnel actions, such as promotions, transfers, or disciplinary measures.",44.9,44.9,55.1,0.0,2.68,2.79,27.84
8578,Quote prices to customers.,53.33,53.33,46.67,0.0,2.54,0.64,7.17
8579,"Estimate material, time, and staffing requirements for a given project, based on work orders, job specifications, and experience.",40.28,40.28,59.72,0.0,2.94,4.9,34.55
8582,"Participate in the hiring process by reviewing credentials, conducting interviews, or making hiring decisions or recommendations.",61.21,61.21,38.79,0.01,2.74,4.87,38.03
8585,"Plan work assignments and equipment allocations to meet transportation, operations or production goals.",67.13,66.67,32.65,0.0,2.84,2.27,24.25
8588,Resolve worker problems or collaborate with employees to assist in problem resolution.,64.29,64.29,35.71,0.0,2.57,2.1,51.58
8592,"Maintain or verify records of time, materials, expenditures, or crew activities.",75.68,75.68,24.32,0.0,2.78,5.28,52.92
8593,"Interpret transportation or tariff regulations, shipping orders, safety regulations, or company policies and procedures for workers.",16.67,16.67,83.33,0.0,2.38,2.81,28.13
8595,"Prepare, compile, and submit reports on work activities, operations, production, or work-related accidents.",90.59,90.59,9.41,0.0,3.43,2.34,6.92
8596,"Recommend or implement personnel actions, such as employee selection, evaluation, rewards, or disciplinary actions.",51.04,55.93,53.66,0.0,2.65,4.14,46.03
8640,"Gather and compile data from hand count sheets, machine count tapes, or radar speed checks and code data for computer input.",78.26,78.26,21.74,0.0,2.35,3.0,12.96
8645,"Prepare graphs, charts, diagrams, or other aids to illustrate observations or conclusions.",37.78,36.56,60.21,0.01,3.13,6.21,30.06
8662,Verify accuracy of transcripts by checking copies against original records of proceedings and accuracy of rulings by checking with judges.,25.0,25.0,75.0,0.0,2.52,4.3,39.16
8663,Record symbols on computer storage media and use computer aided transcription to translate and display them as text.,89.58,90.48,10.53,0.0,2.52,1.87,8.38
8671,Prepare students for further development by encouraging them to explore learning opportunities and to persevere with challenging tasks.,40.41,31.43,46.34,0.0,2.79,3.38,102.5
8675,"Prepare instructional program objectives, outlines, and lesson plans.",53.97,53.97,46.03,0.02,2.86,6.62,28.7
8693,Write instructional articles on designated subjects.,57.05,57.05,42.95,0.07,2.86,7.2,28.64
87,Prepare cost and expenditure statements and other necessary documentation at regular intervals for the duration of the project.,30.77,30.77,69.23,0.0,3.02,6.1,34.76
8754,Advise clients on nail care and use of products and colors.,31.25,31.25,68.75,0.0,2.63,0.25,4.81
88,"Prepare and maintain a directory of suppliers, contractors and subcontractors.",64.01,67.65,38.03,0.0,3.19,7.09,30.54
8824,"Confer with board members, organization officials, or staff members to discuss issues, coordinate activities, or resolve problems.",62.0,62.0,38.0,0.0,2.6,3.35,47.46
8825,"Analyze operations to evaluate performance of a company or its staff in meeting objectives or to determine areas of potential cost reduction, program improvement, or policy change.",55.57,55.18,44.12,0.13,2.93,7.11,41.84
8830,Review reports submitted by staff members to recommend approval or to suggest changes.,69.44,69.44,30.56,0.0,2.42,2.31,28.42
8834,"Prepare or present reports concerning activities, expenses, budgets, government statutes or rulings, or other items affecting businesses or program services.",42.86,42.86,57.14,0.01,2.88,5.39,35.54
8843,"Interpret and explain policies, rules, regulations, or laws to organizations, government or corporate officials, or individuals.",42.74,42.74,57.26,0.0,2.57,0.85,8.14
8848,Direct or conduct studies or research on issues affecting areas of responsibility.,57.14,57.14,42.86,0.0,2.94,12.43,37.46
8855,Prepare and file annual tax returns or prepare financial information so that outside accountants can complete tax returns.,64.18,64.18,35.82,0.0,3.13,6.97,42.53
8856,"Prepare or direct preparation of financial statements, business activity reports, financial position forecasts, annual budgets, or reports required by regulatory agencies.",53.33,53.33,46.67,0.01,3.23,9.11,32.35
8866,"Develop internal control policies, guidelines, and procedures for activities, such as budget administration, cash and credit management, and accounting.",45.83,45.83,54.17,0.0,3.04,10.88,27.79
8867,"Analyze the financial details of past, present, and expected operations to identify development opportunities and areas where improvement is needed.",46.14,46.14,53.86,0.02,2.95,8.72,51.08
8868,"Advise management on short-term and long-term financial objectives, policies, and actions.",27.97,27.97,72.03,0.04,2.81,12.28,72.89
8869,Provide direction and assistance to other organizational units regarding accounting and budgeting policies and procedures and efficient control and utilization of financial resources.,32.32,30.3,63.44,0.01,2.64,2.83,27.51
8870,Evaluate needs for procurement of funds and investment of surpluses and make appropriate recommendations.,40.0,40.0,60.0,0.0,2.95,16.75,119.65
8873,"Compute, withhold, and account for all payroll deductions.",47.75,47.06,51.49,0.0,2.7,2.36,19.41
8874,Perform tax planning work.,30.38,30.38,69.62,0.01,2.9,9.55,69.34
8919,Complete reports and forms required to finalize cases.,47.22,47.22,52.78,0.0,2.78,3.76,32.0
8933,Develop an understanding of customers' needs and take actions to ensure that such needs are met.,66.97,69.21,34.13,0.04,2.82,2.37,11.75
8940,"Report project plans, progress, and results.",80.93,80.93,19.07,0.01,2.9,2.79,14.79
8942,"Explain proposed solutions to customers, management, or other interested parties through written proposals and oral presentations.",37.4,37.4,62.6,0.02,2.72,4.6,34.96
8943,Develop proposals that include documentation for estimates.,30.4,30.4,69.6,0.01,3.07,7.36,40.46
8945,"Provide project management services, including the provision and analysis of technical data.",27.5,27.5,72.5,0.0,2.59,7.08,51.78
8947,Support the development of training materials and technical manuals.,44.98,44.98,55.02,0.01,2.96,10.58,49.05
8953,"Report results of statistical analyses, including information in the form of graphs, charts, and tables.",40.64,40.69,59.44,0.07,3.27,10.32,38.59
8954,"Process large amounts of data for statistical modeling and graphic analysis, using computers.",53.65,53.65,46.35,0.01,3.23,10.39,46.71
8955,"Identify relationships and trends in data, as well as any factors that could affect the results of research.",44.89,44.89,55.11,0.06,2.8,6.31,41.66
8956,Analyze and interpret statistical data to identify significant differences in relationships among sources of information.,51.02,51.02,48.98,0.01,2.8,6.78,50.04
8957,"Prepare data for processing by organizing information, checking for inaccuracies, and adjusting and weighting the raw data.",61.36,61.36,38.64,0.04,3.1,7.95,45.63
8958,"Evaluate the statistical methods and procedures used to obtain data to ensure validity, applicability, efficiency, and accuracy.",43.33,43.33,56.67,0.0,2.53,6.81,82.23
8959,"Evaluate sources of information to determine any limitations, in terms of reliability or usability.",42.02,42.02,57.98,0.02,2.77,4.36,31.04
8960,"Plan data collection methods for specific projects, and determine the types and sizes of sample groups to be used.",28.22,28.61,72.78,0.03,2.89,11.05,67.75
8961,"Design research projects that apply valid scientific techniques, and use information obtained from baselines or historical data to structure uncompromised and efficient analyses.",30.52,30.52,69.48,0.05,2.95,10.17,58.04
8965,"Adapt statistical methods to solve specific problems in many fields, such as economics, biology, and engineering.",43.98,43.98,56.02,0.02,2.51,5.43,47.9
8966,"Develop and test experimental designs, sampling techniques, and analytical methods.",25.58,25.58,74.42,0.01,2.89,12.6,94.91
8979,Adapt or design computer hardware or software for medical science uses.,61.49,61.49,38.51,0.01,3.18,17.26,81.18
8984,"Advise architects, builders, and other construction personnel on fire prevention equipment and techniques and on fire code and standard interpretation and compliance.",47.37,47.37,52.63,0.0,2.53,1.06,11.26
9005,Evaluate technical specifications and economic factors relating to process or product design objectives.,34.66,34.66,65.34,0.01,2.74,4.37,30.25
9007,"Perform managerial functions, such as preparing proposals and budgets, analyzing labor costs, and writing reports.",33.9,33.9,66.1,0.0,3.05,9.46,60.21
9015,Determine appropriate methods for fabricating and joining materials.,68.97,68.97,31.03,0.0,2.33,0.95,59.97
9018,"Write for technical magazines, journals, and trade association publications.",44.12,44.12,55.88,0.0,2.82,9.54,33.97
9020,Teach in colleges and universities.,37.5,37.5,62.5,0.0,2.88,7.58,33.63
9022,"Provide information or recommendations to farmers or other landowners regarding ways in which they can best use land, promote plant growth, or avoid or correct problems such as erosion.",50.72,50.72,49.28,0.0,2.73,1.04,21.35
9036,"Conduct research to determine best methods of planting, spraying, cultivating, harvesting, storing, processing, or transporting horticultural products.",46.15,46.15,53.85,0.0,2.48,1.17,12.83
9040,"Identify or classify species of insects or allied forms, such as mites or spiders.",84.0,84.0,16.0,0.0,2.46,0.26,3.96
9070,"Prepare forecasts or briefings to meet the needs of industry, business, government, or other groups.",77.78,77.78,22.22,0.0,3.44,18.78,35.67
9086,Confer with customers to determine how to tailor materials to their needs.,29.09,29.09,70.91,0.03,2.33,2.63,48.99
9087,"Conduct research on the structures and properties of materials, such as metals, alloys, polymers, and ceramics, to obtain information that could be used to develop new products or enhance existing ones.",22.86,22.86,77.14,0.0,2.73,5.33,21.73
9089,Devise testing methods to evaluate the effects of various conditions on particular materials.,20.0,20.0,80.0,0.0,2.79,7.33,54.0
9091,Recommend materials for reliable performance in various environments.,32.81,32.81,67.19,0.0,2.68,5.57,52.12
9184,Ask questions that will help clients identify their feelings and behaviors.,38.55,38.55,61.45,0.21,3.0,4.08,125.34
9185,"Counsel clients on concerns, such as unsatisfactory relationships, divorce and separation, child rearing, home management, or financial difficulties.",44.48,44.48,55.52,0.28,2.78,3.59,108.34
9186,Encourage individuals and family members to develop and use skills and strategies for confronting their problems in a constructive manner.,39.44,39.44,60.56,0.0,2.85,3.71,58.58
9187,"Maintain case files that include activities, progress notes, evaluations, and recommendations.",65.22,65.22,34.78,0.0,2.54,4.0,47.94
9188,"Collect information about clients, using techniques such as testing, interviewing, discussion, or observation.",60.16,60.16,39.84,0.03,2.71,3.16,35.67
9194,"Provide instructions to clients on how to obtain help with legal, financial, and other personal issues.",80.95,80.95,19.05,0.0,2.53,2.94,87.49
9200,Monitor and record clients' progress to ensure that goals and objectives are met.,96.39,86.36,3.23,0.0,2.61,6.46,91.3
9202,"Prepare and maintain records and case files, including documentation, such as clients' personal and eligibility information, services provided, narratives of client contacts, or relevant correspondence.",56.0,56.0,44.0,0.0,2.5,3.13,34.64
9204,"Analyze information from interviews, educational and medical records, consultation with other professionals, and diagnostic evaluations to assess clients' abilities, needs, and eligibility for services.",69.01,69.01,30.99,0.0,2.65,3.61,35.92
9205,"Develop rehabilitation plans that fit clients' aptitudes, education levels, physical abilities, and career goals.",26.09,26.09,73.91,0.0,2.76,9.48,43.82
9231,"Examine documentation such as mortgages, liens, judgments, easements, plat books, maps, contracts, and agreements to verify factors such as properties' legal descriptions, ownership, or restrictions.",64.28,40.91,22.73,0.0,2.73,4.45,27.77
9232,Read search requests to ascertain types of title evidence required and to obtain descriptions of properties and names of involved parties.,77.78,77.78,22.22,0.0,2.15,0.83,11.0
9238,Enter into record-keeping systems appropriate data needed to create new title records or to update existing ones.,78.65,78.65,21.35,0.01,3.14,3.71,17.73
9243,Retrieve and examine real estate closing files for accuracy and to ensure that information included is recorded and executed according to regulations.,48.0,48.0,52.0,0.0,2.73,4.91,32.73
9252,Develop concepts or creative ideas for craft objects.,27.67,27.67,72.33,0.04,2.92,4.75,61.01
9253,"Set specifications for materials, dimensions, and finishes.",36.63,36.63,63.37,0.0,2.84,7.3,47.65
9254,Confer with customers to assess customer needs or obtain feedback.,58.22,61.32,44.01,0.09,2.65,1.69,12.02
9258,"Advertise products and work, using media such as internet advertising and brochures.",76.83,76.83,23.17,0.0,3.02,1.29,12.02
9259,"Develop product packaging, display, and pricing strategies.",31.26,30.67,67.44,0.01,2.88,9.18,67.9
9263,Plan commercial displays to entice and appeal to customers.,38.64,41.18,65.38,0.0,3.12,6.87,72.69
9267,Develop ideas or plans for merchandise displays or window decorations.,53.85,53.85,46.15,0.0,2.89,2.49,23.15
9284,Examine objects to be included in exhibits to plan where and how to display them.,35.0,35.0,65.0,0.0,2.9,7.95,90.5
9289,"Develop set designs, based on evaluation of scripts, budgets, research information, and available locations.",19.8,19.8,80.2,0.0,3.0,8.2,73.35
9298,"Design and produce displays and materials that can be used to decorate windows, interior displays, or event locations, such as streets and fairgrounds.",57.14,57.14,42.86,0.0,3.05,4.93,38.54
9327,"Identify and resolve conflicts related to the meanings of words, concepts, practices, or behaviors.",14.41,14.42,85.63,0.04,2.43,0.76,11.98
9328,"Translate messages simultaneously or consecutively into specified languages, orally or by using hand signs, maintaining message content, context, and style as much as possible.",59.18,59.18,40.82,0.32,2.14,1.31,21.91
9329,"Proofread, edit, and revise translated materials.",27.07,26.57,71.58,0.03,2.41,5.38,51.86
9330,Check translations of technical terms and terminology to ensure that they are accurate and remain consistent throughout translation revisions.,57.81,57.81,42.19,0.0,2.89,6.4,31.78
9331,"Read written materials, such as legal documents, scientific works, or news reports, and rewrite material into specified languages.",71.14,71.14,28.86,0.44,2.28,2.92,17.57
9333,"Compile terminology and information to be used in translations, including technical terms such as those for legal or medical material.",69.88,72.82,31.39,0.0,2.77,7.83,21.88
9334,"Adapt translations to students' cognitive and grade levels, collaborating with educational team members as necessary.",35.22,38.46,70.73,0.0,2.18,1.77,16.95
9335,"Listen to speakers' statements to determine meanings and to prepare translations, using electronic listening systems as necessary.",64.93,78.79,42.55,0.0,2.57,1.24,5.52
9336,"Check original texts or confer with authors to ensure that translations retain the content, meaning, and feeling of the original material.",38.24,38.24,61.76,0.0,2.35,3.17,32.12
9337,Compile information on content and context of information to be translated and on intended audience.,80.52,80.52,19.48,0.0,2.53,3.76,16.39
9339,Adapt software and accompanying technical documents to another language and culture.,73.54,73.54,26.46,0.01,2.81,5.33,20.63
9347,"Determine desired images and picture composition, selecting and adjusting subjects, equipment, and lighting to achieve desired effects.",40.0,40.0,60.0,0.0,2.52,3.89,60.33
9352,"Manipulate and enhance scanned or digital images to create desired effects, using computers and specialized software.",75.0,60.0,20.0,0.0,2.67,3.97,16.8
94,"Present information with a variety of instructional techniques or formats, such as role playing, simulations, team exercises, group discussions, videos, or lectures.",37.54,35.96,59.83,0.0,2.68,7.22,75.22
9422,"Answer inquiries concerning the progress of medical cases, within the limits of confidentiality laws.",52.94,52.94,47.06,0.0,2.39,0.76,6.65
9423,"Set up and maintain medical files and databases, including records such as x-ray, lab, and procedure reports, medical histories, diagnostic workups, admission and discharge summaries, and clinical resumes.",63.16,63.16,36.84,0.0,3.42,6.19,53.22
944,"Perform sales floor work, such as greeting or assisting customers, stocking shelves, or taking inventory.",51.72,51.72,48.28,0.0,2.3,0.31,2.71
9442,Develop work or security procedures.,55.23,55.23,44.77,0.01,2.78,4.38,44.46
9443,Set up employee work schedules.,42.0,42.0,58.0,0.0,3.02,2.51,13.56
9448,Examine incoming or outgoing mail to ensure conformance with regulations.,83.33,83.33,16.67,0.0,2.61,0.47,2.83
945,"Develop or implement product-marketing strategies, including advertising campaigns or sales promotions.",41.67,41.67,58.33,0.18,3.0,10.73,69.12
9453,"Interpret and explain laws and regulations to travelers, prospective immigrants, shippers, and manufacturers.",28.17,28.17,71.83,0.05,2.42,0.94,9.68
9455,"Record and report job-related activities, findings, transactions, violations, discrepancies, and decisions.",100.0,100.0,0.0,0.0,3.51,1.09,7.23
9478,Prepare reports documenting investigation activities and results.,47.37,47.37,52.63,0.0,2.74,6.21,45.63
949,Plan store layouts or design displays.,46.94,46.94,53.06,0.0,3.12,6.82,26.73
9492,Compile and maintain records of food use and expenditures.,76.19,76.19,23.81,0.0,2.42,4.49,83.3
9498,"Plan menus that are varied, nutritionally balanced, and appetizing, taking advantage of foods in season and local availability.",38.76,38.76,61.25,0.02,3.01,4.89,33.98
9501,Plan menus according to employers' needs and diet restrictions.,35.43,35.43,64.57,0.02,2.88,3.69,32.26
9507,Create and explore new cuisines.,50.31,50.31,49.69,0.01,2.96,1.65,21.91
9509,"Plan and prepare food for parties, holiday meals, luncheons, special functions, and other social events.",46.52,45.24,52.0,0.0,2.79,2.69,32.44
951,"Identify, develop, or evaluate marketing strategy, based on knowledge of establishment objectives, market characteristics, and cost and markup factors.",37.58,37.58,62.42,0.35,2.97,10.18,65.55
9513,Inspect work performed to ensure that it meets specifications and established standards.,85.37,85.37,14.63,0.0,3.08,1.94,14.92
952,"Evaluate the financial aspects of product development, such as budgets, expenditures, research and development appropriations, or return-on-investment and profit-loss projections.",31.33,29.91,65.56,0.01,2.75,10.61,66.15
9521,"Instruct staff in work policies and procedures, and the use and maintenance of equipment.",63.33,63.33,36.67,0.0,2.53,2.72,59.2
9530,Recommend changes that could improve service and increase operational efficiency.,38.58,38.58,61.42,0.09,2.86,6.76,49.23
9531,"Maintain required records of work hours, budgets, payrolls, and other information.",67.69,67.69,32.31,0.0,2.87,2.31,14.57
9536,"Prepare reports on activity, personnel, and information, such as occupancy, hours worked, facility usage, work performed, and departmental expenses.",82.35,82.35,17.65,0.0,3.18,2.5,11.53
957,Compile lists describing product or service offerings.,56.73,56.73,43.27,0.01,2.91,5.23,19.96
958,"Use sales forecasting or strategic planning to ensure the sale and profitability of products, lines, or services, analyzing business developments and monitoring market trends.",39.24,39.24,60.76,0.0,3.12,16.25,58.75
9610,Plan or cultivate lawns or gardens.,62.5,62.5,37.5,0.0,2.31,0.41,8.19
962,"Advise business or other groups on local, national, or international factors affecting the buying or selling of products or services.",36.6,36.6,63.4,0.11,2.81,5.98,38.42
963,"Initiate market research studies, or analyze their findings.",54.12,54.12,45.88,0.02,3.05,12.36,43.61
9648,"Answer passengers' questions about flights, aircraft, weather, travel routes and services, arrival times, or schedules.",71.9,71.9,28.1,0.01,2.32,0.32,4.86
965,Conduct economic or commercial surveys to identify potential markets for products or services.,50.0,50.0,50.0,0.0,2.78,3.54,24.31
966,"Manage backup, security and user help systems.",81.82,81.82,18.18,0.0,2.86,9.96,96.48
9660,"Listen to and resolve customer complaints regarding services, products, or personnel.",56.86,56.86,43.14,0.0,2.4,2.06,27.37
9665,Provide staff with assistance in performing difficult or complicated duties.,43.99,43.99,56.01,0.01,2.34,2.28,36.97
9666,"Plan and prepare work schedules, and assign employees to specific duties.",33.33,33.33,66.67,0.0,3.06,5.89,34.17
9671,Analyze details of sales territories to assess their growth potential and to set quotas.,52.63,66.67,60.0,0.0,2.9,8.15,96.94
9675,"Prepare rental or lease agreements, specifying charges and payment procedures for use of machinery, tools, or other items.",26.67,26.67,73.33,0.0,2.8,3.42,26.07
9677,Examine products purchased for resale or received for storage to determine product condition.,66.67,66.67,33.33,0.0,2.79,1.34,20.42
9678,Plan and modify product configurations to meet customer needs.,57.69,62.5,45.83,0.0,3.0,5.04,22.0
9679,Confer with customers and engineers to assess equipment needs and to determine system requirements.,71.43,71.43,28.57,0.0,2.55,1.52,9.28
968,"Direct daily operations of department, analyzing workflow, establishing priorities, developing standards and setting deadlines.",87.23,87.23,12.77,0.0,2.98,2.4,18.47
9682,"Develop, present, or respond to proposals for specific customer requirements, including request for proposal responses and industry-specific solutions.",35.98,35.98,64.02,0.05,3.03,7.23,42.05
9684,Diagnose problems with installed equipment.,85.59,85.59,14.41,0.42,2.59,3.63,58.23
9686,Prepare and deliver technical presentations that explain products or services to customers and prospective customers.,32.31,32.31,67.69,0.03,2.91,4.88,24.27
9687,"Provide technical and non-technical support and services to clients or other staff members regarding the use, operation, and maintenance of equipment.",59.6,59.6,40.4,0.12,2.33,1.03,24.26
9688,Research and identify potential customers for products or services.,77.88,74.52,21.17,0.01,3.04,5.53,16.05
9690,Create sales or service contracts for products or services.,43.61,40.41,52.26,0.0,3.0,5.58,23.06
9695,Write technical documentation for products.,48.4,48.4,51.6,0.09,3.13,11.39,42.43
9696,Develop sales plans to introduce products in new markets.,43.24,43.24,56.76,0.01,3.07,14.67,66.16
9698,"Document account activities, generate reports, and keep records of business transactions with customers and suppliers.",60.98,62.5,40.0,0.0,3.22,4.37,21.21
97,Offer specific training programs to help workers maintain or improve job skills.,42.45,42.45,57.55,0.0,2.85,6.03,59.97
9700,Maintain sales forecasting reports.,33.33,33.33,66.67,0.0,3.2,8.0,41.33
9703,Resolve customer complaints or answer customers' questions regarding policies and procedures.,38.4,38.4,61.6,0.03,2.33,0.74,17.25
971,"Develop computer information resources, providing for data security and control, strategic computing, and disaster recovery.",55.51,57.58,46.15,0.02,3.07,14.74,76.19
9710,"Review records or reports pertaining to activities such as production, payroll, or shipping to verify details, monitor work activities, or evaluate performance.",58.26,50.0,35.82,0.0,2.96,4.07,24.91
9712,Interpret and communicate work procedures and company policies to staff.,32.45,32.94,68.57,0.0,2.3,1.79,18.87
9714,"Maintain records pertaining to inventory, personnel, orders, supplies, or machine maintenance.",62.5,62.5,37.5,0.0,2.76,4.21,34.82
9715,"Compute figures such as balances, totals, or commissions.",58.17,58.17,41.83,0.18,2.2,1.4,15.93
9716,"Research, compile, and prepare reports, manuals, correspondence, or other information required by management or governmental agencies.",64.77,65.24,35.49,0.12,3.28,10.05,29.93
9717,Coordinate activities with other supervisory personnel or with other work units or departments.,80.0,80.0,20.0,0.0,3.19,3.64,
9718,Analyze financial activities of establishments or departments and provide input into budget planning and preparation processes.,39.91,39.91,60.09,0.03,2.8,7.4,40.86
9719,"Develop or update procedures, policies, or standards.",40.0,40.0,60.0,0.01,3.07,11.27,38.15
9720,Make recommendations to management concerning such issues as staffing decisions or procedural changes.,40.86,40.0,57.89,0.0,2.56,3.66,68.36
973,"Evaluate the organization's technology use and needs and recommend improvements, such as hardware and software upgrades.",32.95,32.95,67.05,0.0,2.83,8.98,51.93
9731,"Plan layouts of stockrooms, warehouses, or other storage areas, considering turnover, size, weight, or related factors pertaining to items stored.",33.33,33.33,66.67,0.0,3.19,8.15,34.03
9732,Answer applicants' questions about benefits and claim procedures.,39.67,39.67,60.33,0.01,2.28,1.72,33.43
9734,"Interpret and explain information such as eligibility requirements, application details, payment methods, and applicants' legal rights.",39.25,39.37,60.93,0.05,2.3,1.62,25.89
9736,"Compile, record, and evaluate personal and financial data to verify completeness and accuracy, and to determine eligibility status.",64.52,64.52,35.48,0.0,2.91,2.76,30.69
9746,"Provide applicants with assistance in completing application forms, such as those for job referrals or unemployment compensation claims.",75.0,75.0,25.0,0.0,2.22,2.7,75.85
9749,"Plan routes, itineraries, and accommodation details, and compute fares and fees, using schedules, rate books, and computers.",51.19,49.12,46.84,0.0,2.99,3.15,21.44
9752,"Answer inquiries regarding information, such as schedules, accommodations, procedures, or policies.",30.19,30.19,69.81,0.06,2.31,0.88,14.24
9753,"Assemble and issue required documentation, such as tickets, travel insurance policies, or itineraries.",55.56,55.56,44.44,0.0,2.85,4.63,31.42
9755,"Inform clients of essential travel information, such as travel times, transportation connections, or medical and visa requirements.",48.78,48.78,51.22,0.0,2.26,1.73,21.94
976,"Develop and interpret organizational goals, policies, and procedures.",36.36,36.36,63.64,0.01,2.96,13.3,58.17
9766,"Provide customers with travel suggestions and information sources, such as guides, directories, brochures, or maps.",66.89,66.89,33.11,0.0,2.64,1.19,20.34
9788,"Compute and analyze data, using statistical formulas and computers or calculators.",50.36,50.36,49.64,0.27,2.97,9.03,57.91
9789,Enter data into computers for use in analyses or reports.,67.3,67.3,32.7,0.11,3.12,4.8,21.83
979,Evaluate data processing proposals to assess project feasibility and requirements.,23.53,23.53,76.47,0.0,2.67,4.06,30.78
9790,"Compile statistics from source materials, such as production or sales records, quality-control or test records, time sheets, or survey sheets.",67.42,60.87,29.41,0.0,2.79,5.1,20.87
9791,"Compile reports, charts, or graphs that describe and interpret findings of analyses.",63.48,63.48,36.52,0.02,2.95,6.25,25.06
9792,Check source data to verify completeness and accuracy.,61.18,57.04,36.2,0.01,2.72,3.36,15.13
9793,Participate in the publication of data or information.,73.33,73.33,26.67,0.0,3.15,16.13,68.44
9794,Discuss data presentation requirements with clients.,52.24,52.24,47.76,0.0,2.5,5.1,25.2
9795,"File data and related information, and maintain and update databases.",95.2,95.2,4.8,0.03,3.03,2.08,9.91
9797,"Organize paperwork, such as survey forms or reports, for distribution or analysis.",64.71,64.71,35.29,0.0,2.89,3.37,22.26
9798,"Code data prior to computer entry, using lists of codes.",73.33,73.33,26.67,0.0,2.53,2.88,12.53
98,"Monitor, evaluate, or record training activities or program effectiveness.",35.29,35.29,64.71,0.0,2.74,2.65,38.0
980,Prepare and review operational reports or project progress reports.,86.96,86.96,13.04,0.12,3.22,1.88,10.4
9800,Interview people and keep track of their responses.,50.0,50.0,50.0,0.0,2.53,4.48,38.39
983,"Identify staff vacancies and recruit, interview, and select applicants.",25.52,22.22,64.86,0.0,2.7,6.82,51.19
987,"Advise managers on organizational policy matters, such as equal employment opportunity and sexual harassment, and recommend needed changes.",37.23,41.1,69.29,0.01,2.61,5.65,62.49
988,Analyze and modify compensation and benefits policies to establish competitive programs and ensure compliance with legal requirements.,32.35,32.35,67.65,0.0,2.94,11.45,69.44
993,"Maintain records and compile statistical reports concerning personnel-related data such as hires, transfers, performance appraisals, and absenteeism rates.",58.58,57.63,40.74,0.0,2.92,5.59,21.33
994,Analyze statistical data and reports to identify and determine causes of personnel problems and develop recommendations for improvement of organization's personnel policies and practices.,33.33,33.33,66.67,0.0,2.84,6.16,46.16
